,,InChIKey
libraryInchikeys,52,IMKHDCBNRDRUEB-UHFFFAOYSA-N
libraryInchikeys,71,NA
libraryInchikeys,79,UWHCKJMYHZGTIT-UHFFFAOYSA-N
libraryInchikeys,191,JLFNLZLINWHATN-UHFFFAOYSA-N
libraryInchikeys,273,HPFXACZRFJDURI-KTKRTIGZSA-N
libraryInchikeys,287,FXCDESKKWMGGON-KHPPLWFESA-N
libraryInchikeys,336,BDLLSHRIFPDGQB-BYROBUSLSA-N
libraryInchikeys,339,LYRFLYHAGKPMFH-UHFFFAOYSA-N
libraryInchikeys,353,AOMUHOFOVNGZAN-UHFFFAOYSA-N
libraryInchikeys,428,DPUOLQHDNGRHBS-KTKRTIGZSA-N
libraryInchikeys,432,XZZNDPSIHUTMOC-UHFFFAOYSA-N
libraryInchikeys,474,NA
libraryInchikeys,696,"<?xml version=""1.0"" encoding=""utf-8""?>
<string xmlns=""http://www.chemspider.com/"" />"
libraryInchikeys,863,HVAUUPRFYPCOCA-AREMUKBSSA-N
libraryInchikeys,1016,SJWWTRQNNRNTPU-QWSHUUDGSA-N
libraryInchikeys,1175,PZTJXZKNTPCPJL-UHFFFAOYSA-N
libraryInchikeys,1192,UMDQPEMZJHAFNL-GCURPGTCSA-N
libraryInchikeys,1193,QADHLRWLCPCEKT-LOVVWNRFSA-N
libraryInchikeys,1194,NA
libraryInchikeys,1218,BNVXCCQXUZCRSR-AWEZNQCLSA-N
libraryInchikeys,1220,AZJUJOFIHHNCSV-NYTRGASXSA-N
libraryInchikeys,1309,NA
libraryInchikeys,1327,YUGWDVYLFSETPE-SWXMWUSOSA-N
libraryInchikeys,1343,NVEQFIOZRFFVFW-UHFFFAOYSA-N
libraryInchikeys,1454,ZJTJUVIJVLLGSP-UHFFFAOYSA-N
libraryInchikeys,1480,JLIDBLDQVAYHNE-BYROBUSLSA-N
libraryInchikeys,1651,RFCVXVPWSPOMFJ-STQMWFEESA-N
libraryInchikeys,1774,QQIVKFZWLZJXJT-VYSWOPBRSA-N
libraryInchikeys,1794,NA
libraryInchikeys,1859,NA
libraryInchikeys,1870,GTRSAMFYSUBAGN-UHFFFAOYSA-N
libraryInchikeys,2206,RVKRJABUQLMQNO-UXQPUSHSSA-N
libraryInchikeys,2348,VSEJLSDPSYNHKR-UHFFFAOYSA-N
libraryInchikeys,2351,CEMXHAPUFJOOSV-UHFFFAOYSA-N
libraryInchikeys,2402,NA
libraryInchikeys,2419,KQNZDYYTLMIZCT-AUPPOWQRSA-N
libraryInchikeys,2446,KFKWRHQBZQICHA-STQMWFEESA-N
libraryInchikeys,2495,ORAWFNKFUWGRJG-UHFFFAOYSA-N
libraryInchikeys,2630,VZFRNCSOCOPNDB-WQXFOKTFSA-N
libraryInchikeys,2729,NA
libraryInchikeys,2759,PUZGUNYANHPRKM-UHFFFAOYSA-N
libraryInchikeys,2790,SZNMERGTFJHNSM-MTCVINLUSA-N
libraryInchikeys,2896,ZBVKFVTUHVIICH-UHFFFAOYSA-N
libraryInchikeys,2907,BDSCYYACNUKQLZ-GJDCDIHCSA-N
libraryInchikeys,3071,WZYGIALDVOKLLL-UHFFFAOYSA-N
libraryInchikeys,3528,LRCNOZRCYBNMEP-SECBINFHSA-N
libraryInchikeys,3534,IEHDJWSAXBGJIP-RYUDHWBXSA-N
libraryInchikeys,3618,IMWZZHHPURKASS-UHFFFAOYSA-N
libraryInchikeys,3622,BVIAOQMSVZHOJM-UHFFFAOYSA-N
libraryInchikeys,3629,KGUMXGDKXYTTEY-BGWOKVLNSA-N
libraryInchikeys,3640,XVUIZOUTLADVIH-UHFFFAOYSA-N
libraryInchikeys,3651,YGPSJZOEDVAXAB-UHFFFAOYSA-N
libraryInchikeys,3685,KBOVKDIBOBQLRS-RKJYRWHCSA-N
libraryInchikeys,3698,NFDYGNFETJVMSE-BQBZGAKWSA-N
libraryInchikeys,3710,JBCLFWXMTIKCCB-VIFPVBQESA-N
libraryInchikeys,3736,OMNVYXHOSHNURL-LNHLLULHSA-N
libraryInchikeys,3785,VVPRQWTYSNDTEA-LLVKDONJSA-N
libraryInchikeys,3793,YBAFDPFAUTYYRW-YUMQZZPRSA-N
libraryInchikeys,3899,KLAONOISLHWJEE-QWRGUYRKSA-N
libraryInchikeys,3900,VHLZDSUANXBJHW-QWRGUYRKSA-N
libraryInchikeys,3901,QCZYYEFXOBKCNQ-STQMWFEESA-N
libraryInchikeys,3934,YKIOHMXLFWMWKD-JJUYGIQRSA-N
libraryInchikeys,3951,XSEGWEUVSZRCBC-KUMUZCRXSA-N
libraryInchikeys,3975,KVYUBFKSKZWZSV-FPLPWBNLSA-N
libraryInchikeys,4202,PSHXNVGSVNEJBD-LJQANCHMSA-N
libraryInchikeys,4367,NA
libraryInchikeys,4475,VJQANBSDAGCDJE-UHFFFAOYSA-N
libraryInchikeys,4483,NA
libraryInchikeys,4500,VXUOFDJKYGDUJI-OAQYLSRUSA-N
libraryInchikeys,4532,VLBPIWYTPAXCFJ-XMMPIXPASA-N
libraryInchikeys,4541,BVJSKAUUFXBDOB-BPGUCPLFSA-N
libraryInchikeys,5032,FBMORZZOJSDNRQ-KILZELBOSA-N
libraryInchikeys,5065,DCBSHORRWZKAKO-UHFFFAOYSA-N
libraryInchikeys,5160,BHTRKEVKTKCXOH-OGTVOWCVSA-N
libraryInchikeys,5544,NVEQFIOZRFFVFW-RGCMKSIDSA-N
libraryInchikeys,5545,HYVABZIGRDEKCD-UHFFFAOYSA-N
libraryInchikeys,5546,RGZSQWQPBWRIAQ-UHFFFAOYSA-N
libraryInchikeys,5561,AOHCBEAZXHZMOR-UHFFFAOYSA-N
libraryInchikeys,5562,PPQRSMGDOHLTBE-UWVGGRQHSA-N
libraryInchikeys,5759,YSWHPLCDIMUKFE-QWRGUYRKSA-N
libraryInchikeys,5853,DXVLAUMXGHQKAV-UHFFFAOYSA-N
libraryInchikeys,5939,ZDHZDWSHLNBTEB-UHFFFAOYSA-N
libraryInchikeys,6092,NA
libraryInchikeys,6207,IEPGNWMPIFDNSD-HZJYTTRNSA-N
libraryInchikeys,6616,CRDAMVZIKSXKFV-UVHTXQRESA-N
libraryInchikeys,6777,FQQQKGAFQIIGLQ-VYFUBJQISA-N
libraryInchikeys,7034,YOELDOOOBJSHSZ-UMUYRDDKSA-N
libraryInchikeys,7169,YPZRWBKMTBYPTK-BJDJZHNGSA-N
libraryInchikeys,7248,GHOKWGTUZJEAQD-UHFFFAOYSA-N
libraryInchikeys,7521,FRASJONUBLZVQX-UHFFFAOYSA-N
libraryInchikeys,7560,AJMOLNFDYWTVQW-QWRGUYRKSA-N
libraryInchikeys,7735,HFHDHCJBZVLPGP-RWMJIURBSA-N
libraryInchikeys,7744,UZKQTCBAMSWPJD-GRZPMIFFSA-N
libraryInchikeys,8162,ATBOMIWRCZXYSZ-DLPCDOJJSA-N
libraryInchikeys,8250,INBGSXNNRGWLJU-MMWCHQFZSA-N
libraryInchikeys,8311,SKGWNZXOCSYJQL-BUTYCLJRSA-N
libraryInchikeys,8421,ZAZKJZBWRNNLDS-UHFFFAOYSA-N
libraryInchikeys,8439,NA
libraryInchikeys,8642,OILXMJHPFNGGTO-PXSSQYMJSA-N
libraryInchikeys,8867,FTAGQROYQYQRHF-DVTQSMNISA-N
libraryInchikeys,9320,XOMRRQXKHMYMOC-UHFFFAOYSA-N
libraryInchikeys,9581,ILGRTMNCRBDXBI-UHFFFAOYSA-N
libraryInchikeys,9762,GGJRAQULURVTAJ-PDBXOOCHSA-N
analogInchikeys,21,LIDWXUGNGGWNEU-MGUDNFKCSA-N
analogInchikeys,36,BHHGXPLMPWCGHP-UHFFFAOYSA-N
analogInchikeys,88,UDSFAEKRVUSQDD-UHFFFAOYSA-N
analogInchikeys,95,UBORTCNDUKBEOP-UUOKFMHZSA-N
analogInchikeys,98,GUGWNSHJDUEHNJ-UHFFFAOYSA-N
analogInchikeys,100,BKAYIFDRRZZKNF-VIFPVBQESA-N
analogInchikeys,102,GMHTUWZTSIUNIM-UHFFFAOYSA-N
analogInchikeys,103,YKFGCFTZQOQFRX-VYMSZZINSA-N
analogInchikeys,133,FLKPEMZONWLCSK-UHFFFAOYSA-N
analogInchikeys,134,NA
analogInchikeys,150,LZFOPEXOUVTGJS-RHDNXJPHSA-N
analogInchikeys,170,OGHAROSJZRTIOK-AMKBJPJNSA-N
analogInchikeys,175,DUUGKQCEGZLZNO-UHFFFAOYSA-N
analogInchikeys,213,VVEXPDRCGCQELD-CFDZEDGGSA-N
analogInchikeys,235,DRUKNYVQGHETPO-UHFFFAOYSA-N
analogInchikeys,237,QIVBCDIJIAJPQS-SECBINFHSA-N
analogInchikeys,240,FNFHZBKBDFRYHS-RUZDIDTESA-N
analogInchikeys,251,WICAPTTWPBEVPW-UHFFFAOYSA-N
analogInchikeys,258,AMIDUPFSOUCLQB-UHFFFAOYSA-N
analogInchikeys,274,IMKJGXCIJJXALX-YXZQPBNNSA-N
analogInchikeys,283,NA
analogInchikeys,287,WOURXYYHORRGQO-UHFFFAOYSA-N
analogInchikeys,288,UBAQSAUDKMIEQZ-QWRGUYRKSA-N
analogInchikeys,292,YCBSMEKEDOHEQI-QLJXJWEDSA-N
analogInchikeys,293,CHTHALBTIRVDBM-UHFFFAOYSA-N
analogInchikeys,299,ZOQCEVXVQCPESC-SBRZMKMUSA-N
analogInchikeys,303,CZIHNRWJTSTCEX-UHFFFAOYSA-N
analogInchikeys,306,GHQQYDSARXURNG-SSEXGKCCSA-N
analogInchikeys,317,JZQKTMZYLHNFPL-GCURPGTCSA-N
analogInchikeys,329,HYIFFZAQXPUEAU-UHFFFAOYSA-N
analogInchikeys,344,WDKYDMULARNCIS-AUPPOWQRSA-N
analogInchikeys,347,IGQBPDJNUXPEMT-SNVBAGLBSA-N
analogInchikeys,367,NA
analogInchikeys,376,NYHBQMYGNKIUIF-UUOKFMHZSA-N
analogInchikeys,380,APVRHNHXZXFDLN-UHFFFAOYSA-N
analogInchikeys,384,FEBNTWHYQKGEIQ-GWUKUUHCSA-N
analogInchikeys,405,NA
analogInchikeys,406,NA
analogInchikeys,408,ASWBNKHCZGQVJV-HSZRJFAPSA-N
analogInchikeys,418,RCRCTBLIHCHWDZ-DOFZRALJSA-N
analogInchikeys,420,QMLGNDFKJAFKGZ-UHFFFAOYSA-N
analogInchikeys,424,WVQBLGZPHOPPFO-LBPRGKRZSA-N
analogInchikeys,428,NA
analogInchikeys,435,UWHZIFQPPBDJPM-FPLPWBNLSA-N
analogInchikeys,438,BXLYSRPHVMCOPS-ACZMJKKPSA-N
analogInchikeys,439,HLXRWTJXGMHOFN-AOMIYFKASA-N
analogInchikeys,456,FPGSEBKFEJEOSA-QRMUCLBVSA-N
analogInchikeys,459,KXGVEGMKQFWNSR-OVUADSHRSA-N
analogInchikeys,466,XBBDACCLCFWBSI-ZETCQYMHSA-N
analogInchikeys,467,ZVSKZLHKADLHSD-UHFFFAOYSA-N
analogInchikeys,477,CBQGYUDMJHNJBX-RTBURBONSA-N
analogInchikeys,483,NGVNNJYFJYTCCO-UHFFFAOYSA-N
analogInchikeys,506,GIHNTRQPEMKFKO-HQCVNHCJSA-N
analogInchikeys,510,RONQVEAZNZIVHW-ZPRPRKMUSA-N
analogInchikeys,526,DZIILFGADWDKMF-UHFFFAOYSA-N
analogInchikeys,528,XHHOHZPNYFQJKL-QWRGUYRKSA-N
analogInchikeys,540,BOLQJTPHPSDZHR-UHFFFAOYSA-N
analogInchikeys,543,WMDZARSFSMZOQO-QPXSXMOLSA-N
analogInchikeys,544,KBGAYAKRZNYFFG-VJWZZPINSA-N
analogInchikeys,557,PQEUTGZYJPUCNX-UHFFFAOYSA-N
analogInchikeys,558,IJFVSSZAOYLHEE-UHFFFAOYSA-N
analogInchikeys,560,WMCQWXZMVIETAO-UHFFFAOYSA-N
analogInchikeys,569,DZMGFGQBRYWJOR-YUMQZZPRSA-N
analogInchikeys,572,MJQPYETZBGKFSD-UHFFFAOYSA-N
analogInchikeys,575,RCFGIEPQSDGMJJ-UHFFFAOYSA-N
analogInchikeys,577,YTRNSQPXEDGWMR-UHFFFAOYSA-N
analogInchikeys,599,OMZRMXULWNMRAE-CMWIQUJHSA-N
analogInchikeys,601,WWUZIQQURGPMPG-INRWFFCWSA-N
analogInchikeys,607,RFBVBRVVOPAAFS-UHFFFAOYSA-N
analogInchikeys,610,OVSQVDMCBVZWGM-ULZHAHLESA-N
analogInchikeys,611,WXZVAROIGSFCFJ-UHFFFAOYSA-N
analogInchikeys,617,OVSQVDMCBVZWGM-IWXXMXBISA-N
analogInchikeys,618,FDGQIVOIHOIMNK-VYSWOPBRSA-N
analogInchikeys,623,QXACEHWTBCFNSA-BADLQHAESA-N
analogInchikeys,625,VJXZPPKMTRTYIH-UHFFFAOYSA-N
analogInchikeys,628,UIXPTCZPFCVOQF-UHFFFAOYSA-N
analogInchikeys,629,PBOUVYGPDSARIS-IUCAKERBSA-N
analogInchikeys,632,XWYMACPLPPQCHC-UHFFFAOYSA-N
analogInchikeys,636,TVHCXXXXQNWQLP-UHFFFAOYSA-N
analogInchikeys,638,RPHAAJGBADUATP-UHFFFAOYSA-N
analogInchikeys,655,NA
analogInchikeys,673,XVOKUMIPKHGGTN-UHFFFAOYSA-N
analogInchikeys,674,VKODZDHCTWPSMZ-UHFFFAOYSA-N
analogInchikeys,678,MFLWBVVCOWPUBA-UHFFFAOYSA-N
analogInchikeys,682,QSLJIVKCVHQPLV-VYSWOPBRSA-N
analogInchikeys,698,BUCOQPHDYUOJSI-UHFFFAOYSA-N
analogInchikeys,701,LPDJCYFKKSLKRO-UHFFFAOYSA-N
analogInchikeys,704,MIJKZXWOOXIEEU-UHFFFAOYSA-N
analogInchikeys,707,OSYQOBUUFRGFNG-UHFFFAOYSA-N
analogInchikeys,709,NA
analogInchikeys,713,CXTATJFJDMJMIY-CYBMUJFWSA-N
analogInchikeys,714,CMRJPMODSSEAPL-LXKLROGNSA-N
analogInchikeys,715,SLXKOJJOQWFEFD-UHFFFAOYSA-N
analogInchikeys,720,QQHJDPROMQRDLA-UHFFFAOYSA-N
analogInchikeys,721,MSWJSDLNPCSSNW-UHFFFAOYSA-N
analogInchikeys,726,NYYLZXREFNYPKB-UHFFFAOYSA-N
analogInchikeys,727,UDHXJZHVNHGCEC-UHFFFAOYSA-N
analogInchikeys,738,CICOZWHZVMOPJS-JTQLQIEISA-N
analogInchikeys,740,QQAHEGDXEXIQPR-UHFFFAOYSA-N
analogInchikeys,742,GXIURPTVHJPJLF-UWTATZPHSA-N
analogInchikeys,743,GGHMUJBZYLPWFD-WMHQYDKJSA-N
analogInchikeys,745,CAHKINHBCWCHCF-JTQLQIEISA-N
analogInchikeys,752,ODBRNZZJSYPIDI-UHFFFAOYSA-N
analogInchikeys,756,CYVVUYORRQQAQE-BGWOKVLNSA-N
analogInchikeys,758,PWKSKIMOESPYIA-BYPYZUCNSA-N
analogInchikeys,762,NA
analogInchikeys,778,GGLIDLCEPDHEJO-UHFFFAOYSA-N
analogInchikeys,790,RHQQHZQUAMFINJ-VYSWOPBRSA-N
analogInchikeys,795,GFYLSDSUCHVORB-IOSLPCCCSA-N
analogInchikeys,812,RAYOKTUAMJNEFH-UHFFFAOYSA-N
analogInchikeys,815,OAQGPAZDRCBBLD-BPTZFLGASA-N
analogInchikeys,819,HUCXKZBETONXFO-NRZWEEIPSA-N
analogInchikeys,820,LCAINUZZHIZKKS-UHFFFAOYSA-N
analogInchikeys,823,GTOFKXZQQDSVFH-UHFFFAOYSA-N
analogInchikeys,824,MAZWDMBCPDUFDJ-VPNQQCBCSA-N
analogInchikeys,825,HZSAJDVWZRBGIF-UHFFFAOYSA-N
analogInchikeys,831,XBZSBBLNHFMTEB-UHFFFAOYSA-N
analogInchikeys,833,MWSMNBYIEBRXAL-UHFFFAOYSA-N
analogInchikeys,834,NGHVIOIJCVXTGV-PFBXLTBLSA-N
analogInchikeys,838,XOKVHFNTYHPEHN-UHFFFAOYSA-N
analogInchikeys,841,PYGXAGIECVVIOZ-UHFFFAOYSA-N
analogInchikeys,844,JHJCHCSUEGPIGE-UHFFFAOYSA-N
analogInchikeys,845,RSTKLPZEZYGQPY-UHFFFAOYSA-N
analogInchikeys,846,DLYVTEULDNMQAR-UHFFFAOYSA-N
analogInchikeys,850,LGTMQHOZRKNUTB-UHFFFAOYSA-N
analogInchikeys,853,YHGNXQAFNHCBTK-PEEBWJHJSA-N
analogInchikeys,859,DSLZVSRJTYRBFB-SEDZCHHISA-N
analogInchikeys,865,ZICRWXFGZCVTBZ-UHFFFAOYSA-N
analogInchikeys,869,BIRKCHKCDPCDEG-GJDCDIHCSA-N
analogInchikeys,872,NFNVDJGXRFEYTK-YUMQZZPRSA-N
analogInchikeys,874,CJIJXIFQYOPWTF-UHFFFAOYSA-N
analogInchikeys,886,FMIIKPHLJKUXGE-GUBZILKMSA-N
analogInchikeys,889,SFZYHNAGMAZZMB-UHFFFAOYSA-N
analogInchikeys,891,FKWGCEDRLNNZOZ-GFCCVEGCSA-N
analogInchikeys,897,MUXFZBHBYYYLTH-UHFFFAOYSA-N
analogInchikeys,899,XGHOVGYJHWQGCC-UHFFFAOYSA-N
analogInchikeys,912,NA
analogInchikeys,914,FZERHIULMFGESH-UHFFFAOYSA-N
analogInchikeys,917,LHSGPCFBGJHPCY-STQMWFEESA-N
analogInchikeys,919,QHBZHVUGQROELI-BGWOKVLNSA-N
analogInchikeys,926,SOIISBQQYAGDKM-HCKJEADASA-N
analogInchikeys,936,RWKSTZADJBEXSQ-UHFFFAOYSA-N
analogInchikeys,944,TVIDDXQYHWJXFK-UHFFFAOYSA-N
analogInchikeys,945,BUWHCARWGYFQPE-UHFFFAOYSA-N
analogInchikeys,946,CNVZJPUDSLNTQU-SEYXRHQNSA-N
analogInchikeys,949,VYMDGNCVAMGZFE-UHFFFAOYSA-N
analogInchikeys,950,MSNWHIVXIUIVPC-GZLDZVHQSA-N
analogInchikeys,955,HRYLQFBHBWLLLL-ZLSWUZCVSA-N
analogInchikeys,960,SUHOQUVVVLNYQR-MRVPVSSYSA-N
analogInchikeys,967,CJBDUOMQLFKVQC-UHFFFAOYSA-N
analogInchikeys,968,ALZVPLKYDKJKQU-MAAKUKGSSA-N
analogInchikeys,972,HQHCYKULIHKCEB-UHFFFAOYSA-N
analogInchikeys,980,ZXLYYQUMYFHCLQ-UHFFFAOYSA-N
analogInchikeys,994,WJHRAVIQWFQMKF-VYSWOPBRSA-N
analogInchikeys,995,XKZMMQQSZJUMDL-UHFFFAOYSA-N
analogInchikeys,999,KWHZRPBDEAQYDE-UHFFFAOYSA-N
analogInchikeys,1002,VIMXTGUGWLAOFZ-UHFFFAOYSA-N
analogInchikeys,1004,CBMYJHIOYJEBSB-YSZCXEEOSA-N
analogInchikeys,1012,ZNYRFEPBTVGZDN-UHFFFAOYSA-N
analogInchikeys,1021,BIRIVPOTERXIOW-UHFFFAOYSA-N
analogInchikeys,1024,RCMWNNJFKNDKQR-UHFFFAOYSA-N
analogInchikeys,1027,REEQLXCGVXDJSQ-UHFFFAOYSA-N
analogInchikeys,1041,USMNOWBWPHYOEA-GUADBAEVSA-N
analogInchikeys,1043,HGUPYDNRFPCLSC-UHFFFAOYSA-N
analogInchikeys,1045,MQCKXANXFRGFND-SOEGKXFLSA-N
analogInchikeys,1046,XSGSZQDCVYMZGQ-FTABWKBUSA-N
analogInchikeys,1048,XPKIVYVYXKPGBP-UHFFFAOYSA-N
analogInchikeys,1051,FUTHBNRZCFKVQZ-YUMQZZPRSA-N
analogInchikeys,1062,JZOYFBPIEHCDFV-YUMQZZPRSA-N
analogInchikeys,1064,MTLJBAFNMHPGBV-PXSSQYMJSA-N
analogInchikeys,1066,ZXCIEWBDUAPBJF-MUUNZHRXSA-N
analogInchikeys,1067,HYZBGWLLSXSYLX-UHFFFAOYSA-N
analogInchikeys,1073,FPVKHBSQESCIEP-HCKJEADASA-N
analogInchikeys,1082,KEYNBOUNPFJEST-UHFFFAOYSA-N
analogInchikeys,1093,GDTXICBNEOEPAZ-FPLPWBNLSA-N
analogInchikeys,1098,YWHLYGSHOQKCJG-UHFFFAOYSA-N
analogInchikeys,1104,XPQPWPZFBULGKT-UHFFFAOYSA-N
analogInchikeys,1108,KNWOMWABRWXHET-UHFFFAOYSA-N
analogInchikeys,1109,BQMSKLCEWBSPPY-KDKLRWKUSA-N
analogInchikeys,1110,HXATVKDSYDWTCX-UHFFFAOYSA-N
analogInchikeys,1120,HQSBWLQFLLMPKC-RVIBEOFBSA-N
analogInchikeys,1124,OVBPIULPVIDEAO-LBPRGKRZSA-N
analogInchikeys,1129,ZWIBGKZDAWNIFC-UHFFFAOYSA-N
analogInchikeys,1136,CSWBSLXBXRFNST-PICRSVEESA-N
analogInchikeys,1146,IFYYFLINQYPWGJ-UHFFFAOYSA-N
analogInchikeys,1147,RZVAJINKPMORJF-UHFFFAOYSA-N
analogInchikeys,1150,AODPIQQILQLWGS-KJVZBRIYSA-N
analogInchikeys,1154,VDYDCVUWILIYQF-HCKJEADANA-N
analogInchikeys,1155,QLNWXBAGRTUKKI-UHFFFAOYSA-N
analogInchikeys,1167,PRZVXHGUJJPSME-QSVGFQLTSA-N
analogInchikeys,1168,YEJSPQZHMWGIGP-YFKPBYRVSA-N
analogInchikeys,1170,UKVFBTRCNFUOFU-UHFFFAOYSA-N
analogInchikeys,1176,UUDAMDVQRQNNHZ-UHFFFAOYSA-N
analogInchikeys,1179,OJLOPKGSLYJEMD-JACIHXRTSA-N
analogInchikeys,1183,YLAZEWZHIRBZDA-PPUHSXQSSA-N
analogInchikeys,1186,YBEOYBKKSWUSBR-UHFFFAOYSA-N
analogInchikeys,1197,OLYPWXRMOFUVGH-LURJTMIESA-N
analogInchikeys,1204,FMKLAIBZMCURLI-CSBQISHZSA-N
analogInchikeys,1205,UGAGPNKCDRTDHP-UHFFFAOYSA-N
analogInchikeys,1207,PLQTZOCLUHHCOI-UHFFFAOYSA-N
analogInchikeys,1209,BMIMNRPAEPIYDN-UHFFFAOYSA-N
analogInchikeys,1211,CKOCZFDYECIDQK-UHFFFAOYSA-N
analogInchikeys,1214,RZNRKXGAJMGLIM-RUZDIDTESA-N
analogInchikeys,1225,ABHHIGWFFMCQOC-UHFFFAOYSA-N
analogInchikeys,1229,GZYPWOGIYAIIPV-LXJUEJIHSA-N
analogInchikeys,1232,XJNQXTISSHEQKD-XSNMFQFVSA-N
analogInchikeys,1240,ZNJFBWYDHIGLCU-OFGDIRRZSA-N
analogInchikeys,1243,VWHGTYCRDRBSFI-UHFFFAOYSA-N
analogInchikeys,1247,UKAUYVFTDYCKQA-VKHMYHEASA-N
analogInchikeys,1249,OJLOPKGSLYJEMD-JACIHXRTSA-N
analogInchikeys,1258,LWBHHRRTOZQPDM-UHFFFAOYSA-N
analogInchikeys,1260,LZFZMUMEGBBDTC-QEJZJMRPSA-N
analogInchikeys,1266,MNWFXJYAOYHMED-UHFFFAOYSA-N
analogInchikeys,1269,YJRLSCDUYLRBIZ-UHFFFAOYSA-N
analogInchikeys,1270,VOUGEZYPVGAPBB-XQRVVYSFSA-N
analogInchikeys,1273,DOWWCCDWPKGNGX-RXMQYKEDSA-N
analogInchikeys,1276,OXZSUQJHKQOGOK-UHFFFAOYSA-N
analogInchikeys,1281,OAOUTNMJEFWJPO-UHFFFAOYSA-N
analogInchikeys,1283,IGQLDUYTWDABFK-VYSWOPBRSA-N
analogInchikeys,1284,VCWLZDVWHQVAJU-YXZQPBNNSA-N
analogInchikeys,1286,WXWNDRIOPFNYII-HKSUSPLTSA-N
analogInchikeys,1287,YBJHBAHKTGYVGT-UHFFFAOYSA-N
analogInchikeys,1290,SIZDUQQDBXJXLQ-UHFFFAOYSA-N
analogInchikeys,1295,CQOAKBVRRVHWKV-XKTHXGLUSA-N
analogInchikeys,1296,IZUGLNJRCDBYKA-WMPRHZDHSA-N
analogInchikeys,1299,CCAIIPMIAFGKSI-PFBXLTBLSA-N
analogInchikeys,1306,NA
analogInchikeys,1317,CMZFNIMQBCBHEX-RJPPTNKMSA-N
analogInchikeys,1320,HJZZQNLKBWJYPD-UHFFFAOYSA-N
analogInchikeys,1323,PKAIECBWQZFYRP-BGWOKVLNSA-N
analogInchikeys,1330,HFCPFJNSBPQJDP-UHFFFAOYSA-N
analogInchikeys,1340,MYEJFUXQJGHEQK-WEJQVIGJSA-N
analogInchikeys,1349,SDGDWRYYHQOQOJ-ZIEGMKPKSA-N
analogInchikeys,1350,NA
analogInchikeys,1357,DBQUMXBQDKCIAJ-UHFFFAOYSA-N
analogInchikeys,1360,SQOJOAFXDQDRGF-UHFFFAOYSA-N
analogInchikeys,1362,NA
analogInchikeys,1365,TVNYLRYVAZWBEH-QAOXKTDSSA-N
analogInchikeys,1366,DHVXMTMJTVCPBB-UHFFFAOYSA-N
analogInchikeys,1367,IACOAKYXFIWAQN-UHFFFAOYSA-N
analogInchikeys,1371,GJWSUKYXUMVMGX-SECBINFHSA-N
analogInchikeys,1372,NA
analogInchikeys,1373,RPHLQSHHTJORHI-UHFFFAOYSA-N
analogInchikeys,1376,ZNJFBWYDHIGLCU-HWKXXFMVSA-N
analogInchikeys,1379,KZTJQXAANJHSCE-RZYNJTNASA-N
analogInchikeys,1391,DIAOGWYBBJCPAD-UHFFFAOYSA-N
analogInchikeys,1394,XMAUFHMAAVTODF-STQMWFEESA-N
analogInchikeys,1401,FYBFDIIAPRHIQS-FESHFHRRSA-N
analogInchikeys,1403,IXAQOQZEOGMIQS-QNLGWEADSA-N
analogInchikeys,1406,NGMQJZCKXKTQID-OMGVAEBRSA-N
analogInchikeys,1412,NA
analogInchikeys,1416,VTSFDGSDUILKPM-VPNQQCBCSA-N
analogInchikeys,1422,TYNLGDBUJLVSMA-UHFFFAOYSA-N
analogInchikeys,1425,OQZGYMRYZAKXAF-UHFFFAOYSA-N
analogInchikeys,1431,IYKFYARMMIESOX-UHFFFAOYSA-N
analogInchikeys,1435,YAQLZIKGHVLJJZ-UHFFFAOYSA-N
analogInchikeys,1437,VPRAQYXPZIFIOH-UHFFFAOYSA-N
analogInchikeys,1442,AYJLVEAOIKOWIP-CNSXYJASSA-N
analogInchikeys,1445,XZVXEPPPQBLGMQ-MZYQSTBLSA-N
analogInchikeys,1451,NSRKLZRKJJQJLD-XKSWLHATSA-N
analogInchikeys,1453,FNWNGQGTFICQJU-UHFFFAOYSA-N
analogInchikeys,1454,PEUUVVGQIVMSAW-REDATSSPSA-N
analogInchikeys,1457,FOONTNRMWNJWCL-SGHIMUFFSA-N
analogInchikeys,1459,OALYTRUKMRCXNH-UHFFFAOYSA-N
analogInchikeys,1462,RWSXRVCMGQZWBV-WDSKDSINSA-N
analogInchikeys,1464,LNLCRJXCNQABMV-UHFFFAOYSA-N
analogInchikeys,1466,WKKBRRFSRMDTJB-SCIVCHICSA-N
analogInchikeys,1473,TUCIOBMMDDOEMM-YKUBRLMMSA-N
analogInchikeys,1480,SDAXMMUAZRUWNL-UHFFFAOYSA-N
analogInchikeys,1484,DCPCOKIYJYGMDN-DOFZRALJSA-N
analogInchikeys,1485,OXFGTKPPFSCSMA-UHFFFAOYSA-N
analogInchikeys,1486,MBWXNTAXLNYFJB-OAUZFPKNSA-N
analogInchikeys,1488,NA
analogInchikeys,1495,NA
analogInchikeys,1511,JFRWATCOFCPIBM-JPFHKJGASA-N
analogInchikeys,1512,SXOPCLUOUFQBJV-UHFFFAOYSA-N
analogInchikeys,1513,UWVQIROCRJWDKL-UHFFFAOYSA-N
analogInchikeys,1517,ZSOICJZJSRWNHX-ACZMJKKPSA-N
analogInchikeys,1519,UYEUUXMDVNYCAM-UHFFFAOYSA-N
analogInchikeys,1524,GLUBLISJVJFHQS-VIFPVBQESA-N
analogInchikeys,1529,SZVNKXCDJUBPQO-HYXAFXHYSA-N
analogInchikeys,1530,HTOYBIILVCHURC-UHFFFAOYSA-N
analogInchikeys,1533,WXWCQPKBJOCBEG-UHFFFAOYSA-N
analogInchikeys,1535,JMBQKKAJIKAWKF-UHFFFAOYSA-N
analogInchikeys,1551,NA
analogInchikeys,1555,WZJZMXBKUWKXTQ-UHFFFAOYSA-N
analogInchikeys,1570,XMRPGKVKISIQBV-KFQKKLAISA-N
analogInchikeys,1571,IDGXIXSKISLYAC-HBBCJVOSSA-N
analogInchikeys,1576,VGEREEWJJVICBM-UHFFFAOYSA-N
analogInchikeys,1581,NDAUXUAQIAJITI-UHFFFAOYSA-N
analogInchikeys,1583,LBSJJNAMGVDGCU-UHFFFAOYSA-N
analogInchikeys,1588,KYVPWJSGFKNNLD-ABEVXSGRSA-N
analogInchikeys,1590,OLSYISKGDWQZSZ-SCIVCHICSA-N
analogInchikeys,1592,SLQMNVJNDYLJSF-UHFFFAOYSA-N
analogInchikeys,1603,RARUJUZFKGDIOM-RAEVTNRLSA-N
analogInchikeys,1609,ZRIKZVLHMGYCIR-NSHDSACASA-N
analogInchikeys,1611,YGWKXXYGDYYFJU-UHFFFAOYSA-N
analogInchikeys,1612,AYDBLCSLKNTEJL-YXZQPBNNSA-N
analogInchikeys,1618,HLHYXXBCQOUTGK-KZVCDKSYSA-N
analogInchikeys,1619,SVINQHQHARVZFF-UHFFFAOYSA-N
analogInchikeys,1622,ZCBRYYRPNSHPER-UHFFFAOYSA-N
