,,INCHI,InChIKey
libraryInchikeys,52,"InChI=1S/C11H16O2/c1-10(2)5-4-6-11(3)8(10)7-9(12)13-11/h7H,4-6H2,1-3H3",IMKHDCBNRDRUEB-UHFFFAOYSA-N
libraryInchikeys,71,"""InChI=1S/C12H17NO/c1-4-13(5-2)12(14)11-8-6-7-10(3)9-11/h6-9H,4-5H2,1-3H3""",NA
libraryInchikeys,79,"InChI=1S/C8H18O5/c9-1-3-11-5-7-13-8-6-12-4-2-10/h9-10H,1-8H2",UWHCKJMYHZGTIT-UHFFFAOYSA-N
libraryInchikeys,191,"InChI=1S/C10H22O6/c11-1-3-13-5-7-15-9-10-16-8-6-14-4-2-12/h11-12H,1-10H2",JLFNLZLINWHATN-UHFFFAOYSA-N
libraryInchikeys,273,"InChI=1S/C20H37NO3/c1-2-3-4-5-6-7-8-9-10-11-12-13-14-15-16-17-19(22)21-18-20(23)24/h9-10H,2-8,11-18H2,1H3,(H,21,22)(H,23,24)/b10-9-",HPFXACZRFJDURI-KTKRTIGZSA-N
libraryInchikeys,287,"InChI=1S/C17H32O2/c1-3-4-5-6-7-8-9-10-11-12-13-14-15-16-17(18)19-2/h10-11H,3-9,12-16H2,1-2H3/b11-10-",FXCDESKKWMGGON-KHPPLWFESA-N
libraryInchikeys,336,"InChI=1S/C18H34O2/c1-2-3-4-5-6-7-8-9-10-11-12-13-14-15-16-17-18(19)20/h5-6H,2-4,7-17H2,1H3,(H,19,20)/b6-5+",BDLLSHRIFPDGQB-BYROBUSLSA-N
libraryInchikeys,339,"InChI=1S/C18H37NO/c1-2-3-4-5-6-7-8-9-10-11-12-13-14-15-16-17-18(19)20/h2-17H2,1H3,(H2,19,20)",LYRFLYHAGKPMFH-UHFFFAOYSA-N
libraryInchikeys,353,"InChI=1S/C16H33NO3/c1-2-3-4-5-6-7-8-9-10-11-16(20)17(12-14-18)13-15-19/h18-19H,2-15H2,1H3",AOMUHOFOVNGZAN-UHFFFAOYSA-N
libraryInchikeys,428,"InChI=1S/C22H42O2/c1-2-3-4-5-6-7-8-9-10-11-12-13-14-15-16-17-18-19-20-21-22(23)24/h9-10H,2-8,11-21H2,1H3,(H,23,24)/b10-9-",DPUOLQHDNGRHBS-KTKRTIGZSA-N
libraryInchikeys,432,"InChI=1S/C18H15O4P/c19-23(20-16-10-4-1-5-11-16,21-17-12-6-2-7-13-17)22-18-14-8-3-9-15-18/h1-15H",XZZNDPSIHUTMOC-UHFFFAOYSA-N
libraryInchikeys,474, ,NA
libraryInchikeys,696,"InChI=1S/C28H30N2O3/c1-5-29(6-2)19-13-15-23-25(17-19)33-26-18-20(30(7-3)8-4)14-16-24(26)27(23)21-11-9-10-12-22(21)28(31)32/h9-18H,5-8H2,1-4H3/p+1","<?xml version=""1.0"" encoding=""utf-8""?>
<string xmlns=""http://www.chemspider.com/"" />"
libraryInchikeys,863,"InChI=1S/C26H54NO7P/c1-6-7-8-9-10-11-12-13-14-15-16-17-18-19-21-31-23-26(34-25(2)28)24-33-35(29,30)32-22-20-27(3,4)5/h26H,6-24H2,1-5H3/t26-/m1/s1",HVAUUPRFYPCOCA-AREMUKBSSA-N
libraryInchikeys,1016,"InChI=1S/C42H58O6/c1-29(18-14-19-31(3)22-23-37-38(6,7)26-35(47-33(5)43)27-40(37,10)46)16-12-13-17-30(2)20-15-21-32(4)36(45)28-42-39(8,9)24-34(44)25-41(42,11)48-42/h12-22,34-35,44,46H,24-28H2,1-11H3/b13-12+,18-14+,20-15+,29-16+,30-17+,31-19+,32-21+",SJWWTRQNNRNTPU-QWSHUUDGSA-N
libraryInchikeys,1175,"InChI=1S/C11H15NO/c1-8(12)6-9-2-3-11-10(7-9)4-5-13-11/h2-3,7-8H,4-6,12H2,1H3",PZTJXZKNTPCPJL-UHFFFAOYSA-N
libraryInchikeys,1192,"InChI=1S/C15H24O4/c1-2-3-4-5-10(16)6-7-11-12-8-15(18)19-14(12)9-13(11)17/h6-7,10-14,16-17H,2-5,8-9H2,1H3/b7-6+/t10-,11+,12+,13+,14-/m0/s1",UMDQPEMZJHAFNL-GCURPGTCSA-N
libraryInchikeys,1193,"InChI=1S/C19H30O2/c1-18-9-7-13(20)11-12(18)3-4-14-15-5-6-17(21)19(15,2)10-8-16(14)18/h3,13-17,20-21H,4-11H2,1-2H3/t13-,14-,15-,16-,17-,18-,19-/m0/s1",QADHLRWLCPCEKT-LOVVWNRFSA-N
libraryInchikeys,1194,"""InChI=1S/C10H7NO2/c12-10(13)8-5-6-11-9-4-2-1-3-7(8)9/h1-6H,(H,12,13)""",NA
libraryInchikeys,1218,"InChI=1S/C14H18O4/c1-9-7-11(15)8-10-3-5-14(2,18-13(9)10)6-4-12(16)17/h7-8,15H,3-6H2,1-2H3,(H,16,17)/t14-/m0/s1",BNVXCCQXUZCRSR-AWEZNQCLSA-N
libraryInchikeys,1220,"InChI=1S/C15H22O2/c1-14(2)7-4-8-15(3)12(10-17)11(9-16)5-6-13(14)15/h5,9-10,12-13H,4,6-8H2,1-3H3/t12-,13-,15+/m0/s1",AZJUJOFIHHNCSV-NYTRGASXSA-N
libraryInchikeys,1309,"""InChI=1S/C10H15NO2S/c1-2-3-9-11-14(12,13)10-7-5-4-6-8-10/h4-8,11H,2-3,9H2,1H3""",NA
libraryInchikeys,1327,"InChI=1S/C18H26O2/c1-8-10-13(5)15(9-2)20-17(19)16-14(11-12(3)4)18(16,6)7/h2,10-11,14-16H,8H2,1,3-7H3/b13-10+",YUGWDVYLFSETPE-SWXMWUSOSA-N
libraryInchikeys,1343,"InChI=1S/C15H24O/c1-10-5-6-13-15(4,16-13)8-7-12-11(10)9-14(12,2)3/h11-13H,1,5-9H2,2-4H3",NVEQFIOZRFFVFW-UHFFFAOYSA-N
libraryInchikeys,1454,"InChI=1S/C12H10N4O2/c1-5-3-7-8(4-6(5)2)14-10-9(13-7)11(17)16-12(18)15-10/h3-4H,1-2H3,(H2,14,15,16,17,18)",ZJTJUVIJVLLGSP-UHFFFAOYSA-N
libraryInchikeys,1480,"InChI=1S/C15H20O4/c1-10(7-13(17)18)5-6-15(19)11(2)8-12(16)9-14(15,3)4/h5-8,19H,9H2,1-4H3,(H,17,18)/b6-5+,10-7-/t15-/m1/s1",JLIDBLDQVAYHNE-BYROBUSLSA-N
libraryInchikeys,1651,"InChI=1S/C15H22N2O3/c1-10(2)8-13(15(19)20)17-14(18)12(16)9-11-6-4-3-5-7-11/h3-7,10,12-13H,8-9,16H2,1-2H3,(H,17,18)(H,19,20)/t12-,13-/m0/s1",RFCVXVPWSPOMFJ-STQMWFEESA-N
libraryInchikeys,1774,"InChI=1S/C19H28O3/c1-18-7-5-12(20)9-11(18)3-4-13-14(18)6-8-19(2)15(13)10-16(21)17(19)22/h3,12-16,20-21H,4-10H2,1-2H3/t12-,13+,14-,15-,16+,18-,19-/m0/s1",QQIVKFZWLZJXJT-VYSWOPBRSA-N
libraryInchikeys,1794,VZFRNCSOCOPNDB-AOKDLOFSSA-N,NA
libraryInchikeys,1859,"""InChI=1S/C9H18Cl3O4P/c1-7(4-10)14-17(13,15-8(2)5-11)16-9(3)6-12/h7-9H,4-6H2,1-3H3""",NA
libraryInchikeys,1870,"InChI=1S/C9H18Cl3O4P/c1-7(10)4-14-17(13,15-5-8(2)11)16-6-9(3)12/h7-9H,4-6H2,1-3H3",GTRSAMFYSUBAGN-UHFFFAOYSA-N
libraryInchikeys,2206,"InChI=1S/C22H24O9/c1-8-5-10-14(22-20(29)19(28)17(26)13(7-23)31-22)9-3-4-11(24)21(30-2)16(9)18(27)15(10)12(25)6-8/h3-6,13-14,17,19-20,22-26,28-29H,7H2,1-2H3/t13-,14-,17-,19+,20-,22+/m1/s1",RVKRJABUQLMQNO-UXQPUSHSSA-N
libraryInchikeys,2348,"InChI=1S/C62H90N13O14P.CN.Co/c1-29-20-39-40(21-30(29)2)75(28-70-39)57-52(84)53(41(27-76)87-57)89-90(85,86)88-31(3)26-69-49(83)18-19-59(8)37(22-46(66)80)56-62(11)61(10,25-48(68)82)36(14-17-45(65)79)51(74-62)33(5)55-60(9,24-47(67)81)34(12-15-43(63)77)38(71-55)23-42-58(6,7)35(13-16-44(64)78)50(72-42)32(4)54(59)73-56;1-2;/h20-21,23,28,31,34-37,41,52-53,56-57,76,84H,12-19,22,24-27H2,1-11H3,(H15,63,64,65,66,67,68,69,71,72,73,74,77,78,79,80,81,82,83,85,86);;/q;;+2/p-2/t31?,34-,35-,36-,37+,41-,52-,53-,56-,57+,59-,60+,61+,62+;;/m1../s1",VSEJLSDPSYNHKR-UHFFFAOYSA-N
libraryInchikeys,2351,"InChI=1S/C25H43NO18/c1-7-13(26-9-2-8(3-27)14(33)18(37)15(9)34)17(36)20(39)24(41-7)44-23-12(6-30)42-25(21(40)19(23)38)43-22(11(32)5-29)16(35)10(31)4-28/h2,4,7,9-27,29-40H,3,5-6H2,1H3",CEMXHAPUFJOOSV-UHFFFAOYSA-N
libraryInchikeys,2402,"1S/C12H14N2O2/c1-8(15)13-5-4-9-7-14-12-3-2-10(16)6-11(9)12/h2-3,6-7,14,16H,4-5H2,1H3,(H,13,15)",NA
libraryInchikeys,2419,"InChI=1S/C16H24O4/c1-11-5-3-2-4-6-12-9-13(17)10-14(12)15(18)7-8-16(19)20-11/h4,6-8,11-15,17-18H,2-3,5,9-10H2,1H3/b6-4+,8-7+/t11-,12+,13-,14+,15+/m0/s1",KQNZDYYTLMIZCT-AUPPOWQRSA-N
libraryInchikeys,2446,"InChI=1S/C15H22N2O3/c1-10(2)8-12(16)14(18)17-13(15(19)20)9-11-6-4-3-5-7-11/h3-7,10,12-13H,8-9,16H2,1-2H3,(H,17,18)(H,19,20)/t12-,13-/m0/s1",KFKWRHQBZQICHA-STQMWFEESA-N
libraryInchikeys,2495,"InChI=1S/C22H45NO/c1-2-3-4-5-6-7-8-9-10-11-12-13-14-15-16-17-18-19-20-21-22(23)24/h2-21H2,1H3,(H2,23,24)",ORAWFNKFUWGRJG-UHFFFAOYSA-N
libraryInchikeys,2630,"InChI=1S/C15H21NO6/c1-8(4-3-5-9(2)14(19)20)11-7-16-13(15(21)22)10(11)6-12(17)18/h3-5,9-11,13,16H,6-7H2,1-2H3,(H,17,18)(H,19,20)(H,21,22)/b5-3+,8-4-/t9-,10+,11-,13+/m1/s1",VZFRNCSOCOPNDB-WQXFOKTFSA-N
libraryInchikeys,2729,"1S/C10H12N2O3/c11-7-4-2-1-3-6(7)9(13)5-8(12)10(14)15/h1-4,8H,5,11-12H2,(H,14,15)/t8-/m0/s1",NA
libraryInchikeys,2759,"InChI=1S/C16H28O2/c1-2-3-4-5-6-7-8-9-10-11-12-13-14-15-16(17)18/h1H,3-15H2,(H,17,18)",PUZGUNYANHPRKM-UHFFFAOYSA-N
libraryInchikeys,2790,"InChI=1S/C22H30INO4S/c1-22(2)15-13-19(22)18(7-5-3-4-6-8-21(25)26)20(14-15)24-29(27,28)17-11-9-16(23)10-12-17/h3,5,9-12,15,18-20,24H,4,6-8,13-14H2,1-2H3,(H,25,26)/b5-3-/t15-,18+,19+,20+/m1/s1",SZNMERGTFJHNSM-MTCVINLUSA-N
libraryInchikeys,2896,"InChI=1S/C19H38O4/c1-3-4-5-6-7-8-9-10-11-12-13-14-18(21)15-19(22)16-23-17(2)20/h18-19,21-22H,3-16H2,1-2H3",ZBVKFVTUHVIICH-UHFFFAOYSA-N
libraryInchikeys,2907,"InChI=1S/C21H32O3/c1-3-4-5-6-7-8-9-10-11-12-13-14-16-19-20(24-19)17-15-18-21(22)23-2/h4-5,7-8,10-11,13-14,19-20H,3,6,9,12,15-18H2,1-2H3/b5-4-,8-7-,11-10-,14-13-",BDSCYYACNUKQLZ-GJDCDIHCSA-N
libraryInchikeys,3071,"InChI=1S/C22H30O6/c1-10-6-15-14(17(10)25)7-13(9-23)8-16-18-20(4,5)22(18,28-12(3)24)19(26)11(2)21(15,16)27/h6,8,11,14-16,18-19,23,26-27H,7,9H2,1-5H3",WZYGIALDVOKLLL-UHFFFAOYSA-N
libraryInchikeys,3528,"InChI=1S/C11H21NO4/c1-8(2)11(15)16-9(6-10(13)14)7-12(3,4)5/h8-9H,6-7H2,1-5H3/t9-/m1/s1",LRCNOZRCYBNMEP-SECBINFHSA-N
libraryInchikeys,3534,"InChI=1S/C14H20N2O3/c1-9(2)12(14(18)19)16-13(17)11(15)8-10-6-4-3-5-7-10/h3-7,9,11-12H,8,15H2,1-2H3,(H,16,17)(H,18,19)/t11-,12-/m0/s1",IEHDJWSAXBGJIP-RYUDHWBXSA-N
libraryInchikeys,3618,"InChI=1S/C12H15NO3/c1-8-3-9(2)5-10(4-8)15-7-11-6-13-12(14)16-11/h3-5,11H,6-7H2,1-2H3,(H,13,14)",IMWZZHHPURKASS-UHFFFAOYSA-N
libraryInchikeys,3622,"InChI=1S/C7H9N5/c1-12(2)7-5-6(9-3-8-5)10-4-11-7/h3-4H,1-2H3,(H,8,9,10,11)",BVIAOQMSVZHOJM-UHFFFAOYSA-N
libraryInchikeys,3629,"InChI=1S/C20H28O3/c1-14(7-6-8-15(2)13-19(22)23)9-10-17-16(3)18(21)11-12-20(17,4)5/h6-10,13,18,21H,11-12H2,1-5H3,(H,22,23)/b8-6+,10-9+,14-7+,15-13+",KGUMXGDKXYTTEY-BGWOKVLNSA-N
libraryInchikeys,3640,"InChI=1S/C8H16N2O3/c1-2-3-4-6(8(12)13)10-7(11)5-9/h6H,2-5,9H2,1H3,(H,10,11)(H,12,13)",XVUIZOUTLADVIH-UHFFFAOYSA-N
libraryInchikeys,3651,"InChI=1S/C10H12N2O3/c11-7-4-2-1-3-6(7)9(13)5-8(12)10(14)15/h1-4,8H,5,11-12H2,(H,14,15)",YGPSJZOEDVAXAB-UHFFFAOYSA-N
libraryInchikeys,3685,"InChI=1S/C16H26O3/c1-2-3-4-5-6-9-12-15(17)13-10-7-8-11-14-16(18)19/h6-10,13,15,17H,2-5,11-12,14H2,1H3,(H,18,19)/b8-7-,9-6-,13-10+/t15-/m0/s1",KBOVKDIBOBQLRS-RKJYRWHCSA-N
libraryInchikeys,3698,"InChI=1S/C9H18N2O4/c1-5(2)3-7(9(14)15)11-8(13)6(10)4-12/h5-7,12H,3-4,10H2,1-2H3,(H,11,13)(H,14,15)/t6-,7-/m0/s1",NFDYGNFETJVMSE-BQBZGAKWSA-N
libraryInchikeys,3710,"InChI=1S/C11H14N2O3/c12-7-10(14)13-9(11(15)16)6-8-4-2-1-3-5-8/h1-5,9H,6-7,12H2,(H,13,14)(H,15,16)/t9-/m0/s1",JBCLFWXMTIKCCB-VIFPVBQESA-N
libraryInchikeys,3736,"InChI=1S/C12H16N2O3/c1-8(13)11(15)14-10(12(16)17)7-9-5-3-2-4-6-9/h2-6,8,10H,7,13H2,1H3,(H,14,15)(H,16,17)/t8-,10+/m0/s1",OMNVYXHOSHNURL-LNHLLULHSA-N
libraryInchikeys,3785,"InChI=1S/C13H25NO4/c1-5-6-7-8-13(17)18-11(9-12(15)16)10-14(2,3)4/h11H,5-10H2,1-4H3/t11-/m1/s1",VVPRQWTYSNDTEA-LLVKDONJSA-N
libraryInchikeys,3793,"InChI=1S/C11H20N2O5/c1-6(2)5-8(11(17)18)13-10(16)7(12)3-4-9(14)15/h6-8H,3-5,12H2,1-2H3,(H,13,16)(H,14,15)(H,17,18)/t7-,8-/m0/s1",YBAFDPFAUTYYRW-YUMQZZPRSA-N
libraryInchikeys,3899,"InChI=1S/C14H19N3O4/c15-10(8-9-4-2-1-3-5-9)13(19)17-11(14(20)21)6-7-12(16)18/h1-5,10-11H,6-8,15H2,(H2,16,18)(H,17,19)(H,20,21)/t10-,11-/m0/s1",KLAONOISLHWJEE-QWRGUYRKSA-N
libraryInchikeys,3900,"InChI=1S/C14H19N3O4/c15-10(6-7-12(16)18)13(19)17-11(14(20)21)8-9-4-2-1-3-5-9/h1-5,10-11H,6-8,15H2,(H2,16,18)(H,17,19)(H,20,21)/t10-,11-/m0/s1",VHLZDSUANXBJHW-QWRGUYRKSA-N
libraryInchikeys,3901,"InChI=1S/C15H23N3O3/c16-9-5-4-8-12(17)14(19)18-13(15(20)21)10-11-6-2-1-3-7-11/h1-3,6-7,12-13H,4-5,8-10,16-17H2,(H,18,19)(H,20,21)/t12-,13-/m0/s1",QCZYYEFXOBKCNQ-STQMWFEESA-N
libraryInchikeys,3934,"InChI=1S/C20H30O3/c1-2-3-4-5-6-7-8-9-12-15-18-19(23-18)16-13-10-11-14-17-20(21)22/h3-4,6-7,9-10,12-13,18-19H,2,5,8,11,14-17H2,1H3,(H,21,22)/b4-3-,7-6-,12-9-,13-10-",YKIOHMXLFWMWKD-JJUYGIQRSA-N
libraryInchikeys,3951,"InChI=1S/C19H28O3/c1-18-7-5-11(20)9-15(18)16(21)10-12-13-3-4-17(22)19(13,2)8-6-14(12)18/h9,12-14,16-17,21-22H,3-8,10H2,1-2H3/t12-,13-,14-,16+,17-,18+,19-/m0/s1",XSEGWEUVSZRCBC-KUMUZCRXSA-N
libraryInchikeys,3975,"InChI=1S/C19H36O4/c1-2-3-4-5-6-7-8-9-10-11-12-13-14-15-19(22)23-17-18(21)16-20/h7-8,18,20-21H,2-6,9-17H2,1H3/b8-7-",KVYUBFKSKZWZSV-FPLPWBNLSA-N
libraryInchikeys,4202,"InChI=1S/C21H41NO4/c1-5-6-7-8-9-10-11-12-13-14-15-16-21(25)26-19(17-20(23)24)18-22(2,3)4/h19H,5-18H2,1-4H3/t19-/m1/s1",PSHXNVGSVNEJBD-LJQANCHMSA-N
libraryInchikeys,4367,"1/C20H42NO7P/c1-5-6-7-8-9-10-11-12-13-14-20(23)26-17-19(22)18-28-29(24,25)27-16-15-21(2,3)4/h19,22H,5-18H2,1-4H3/t19-/m1/s1",NA
libraryInchikeys,4475,"InChI=1S/C20H36N4O8/c1-16(25)23(31)14-6-2-4-12-21-17(26)8-10-19(28)24(32)15-7-3-5-13-22-18(27)9-11-20(29)30/h31-32H,2-15H2,1H3,(H,21,26)(H,22,27)(H,29,30)",VJQANBSDAGCDJE-UHFFFAOYSA-N
libraryInchikeys,4483,"1S/C26H45NO6S/c1-16(4-7-24(30)27-12-13-34(31,32)33)19-5-6-20-18-15-23(29)22-14-17(28)8-10-26(22,3)21(18)9-11-25(19,20)2/h16-23,28-29H,4-15H2,1-3H3,(H,27,30)(H,31,32,33)/t16?,17-,18+,19-,20+,21+,22+,23+,25?,26?/m1/s1",NA
libraryInchikeys,4500,"InChI=1S/C22H46NO7P/c1-5-6-7-8-9-10-11-12-13-14-15-16-22(25)28-19-21(24)20-30-31(26,27)29-18-17-23(2,3)4/h21,24H,5-20H2,1-4H3/t21-/m1/s1",VXUOFDJKYGDUJI-OAQYLSRUSA-N
libraryInchikeys,4532,"InChI=1S/C24H52NO6P/c1-5-6-7-8-9-10-11-12-13-14-15-16-17-18-20-29-22-24(26)23-31-32(27,28)30-21-19-25(2,3)4/h24,26H,5-23H2,1-4H3/t24-/m1/s1",VLBPIWYTPAXCFJ-XMMPIXPASA-N
libraryInchikeys,4541,"InChI=1S/C22H45O9P/c1-2-3-4-5-6-7-8-9-10-11-12-13-14-15-22(26)29-17-21(25)19-31-32(27,28)30-18-20(24)16-23/h20-21,23-25H,2-19H2,1H3,(H,27,28)/t20?,21-/m1/s1",BVJSKAUUFXBDOB-BPGUCPLFSA-N
libraryInchikeys,5032,"InChI=1S/C15H20O3/c1-9-5-4-6-14(3)8-15(17)12(7-11(9)14)10(2)13(16)18-15/h11,17H,1,4-8H2,2-3H3/t11-,14+,15-/m0/s1",FBMORZZOJSDNRQ-KILZELBOSA-N
libraryInchikeys,5065,"InChI=1S/C17H34O4/c1-2-3-4-5-6-7-8-9-10-11-12-13-17(20)21-15-16(19)14-18/h16,18-19H,2-15H2,1H3",DCBSHORRWZKAKO-UHFFFAOYSA-N
libraryInchikeys,5160,"InChI=1S/C26H45NO6S/c1-16(4-7-23(30)27-12-13-34(31,32)33)19-5-6-20-24-21(9-11-26(19,20)3)25(2)10-8-18(28)14-17(25)15-22(24)29/h16-22,24,28-29H,4-15H2,1-3H3,(H,27,30)(H,31,32,33)/t16-,17?,18-,19?,20?,21?,22?,24?,25?,26?/m1/s1",BHTRKEVKTKCXOH-OGTVOWCVSA-N
libraryInchikeys,5544,"InChI=1S/C15H24O/c1-10-5-6-13-15(4,16-13)8-7-12-11(10)9-14(12,2)3/h11-13H,1,5-9H2,2-4H3/t11-,12-,13-,15-/m1/s1",NVEQFIOZRFFVFW-RGCMKSIDSA-N
libraryInchikeys,5545,"InChI=1S/C10H13N5/c1-7(2)3-4-11-9-8-10(13-5-12-8)15-6-14-9/h3,5-6H,4H2,1-2H3,(H2,11,12,13,14,15)",HYVABZIGRDEKCD-UHFFFAOYSA-N
libraryInchikeys,5546,"InChI=1S/C15H26O/c1-12(2)6-5-11-15(4,16)14-9-7-13(3)8-10-14/h6-7,14,16H,5,8-11H2,1-4H3",RGZSQWQPBWRIAQ-UHFFFAOYSA-N
libraryInchikeys,5561,"InChI=1S/C14H18N2O2/c1-16(2,3)13(14(17)18)8-10-9-15-12-7-5-4-6-11(10)12/h4-7,9,13,15H,8H2,1-3H3",AOHCBEAZXHZMOR-UHFFFAOYSA-N
libraryInchikeys,5562,"InChI=1S/C12H16N2O4/c13-9(7-15)11(16)14-10(12(17)18)6-8-4-2-1-3-5-8/h1-5,9-10,15H,6-7,13H2,(H,14,16)(H,17,18)/t9-,10-/m0/s1",PPQRSMGDOHLTBE-UWVGGRQHSA-N
libraryInchikeys,5759,"InChI=1S/C14H18N2O6/c15-10(5-6-12(18)19)13(20)16-11(14(21)22)7-8-1-3-9(17)4-2-8/h1-4,10-11,17H,5-7,15H2,(H,16,20)(H,18,19)(H,21,22)/t10-,11-/m0/s1",YSWHPLCDIMUKFE-QWRGUYRKSA-N
libraryInchikeys,5853,"InChI=1S/C27H56O10/c1-19(29)11-30-21(3)13-32-23(5)15-34-25(7)17-36-27(9)18-37-26(8)16-35-24(6)14-33-22(4)12-31-20(2)10-28/h19-29H,10-18H2,1-9H3",DXVLAUMXGHQKAV-UHFFFAOYSA-N
libraryInchikeys,5939,"InChI=1S/C10H15N/c1-8-3-5-10(6-4-8)7-9(2)11/h3-6,9H,7,11H2,1-2H3",ZDHZDWSHLNBTEB-UHFFFAOYSA-N
libraryInchikeys,6092,"""InChI=1S/C12H11O4P/c13-17(14,15-11-7-3-1-4-8-11)16-12-9-5-2-6-10-12/h1-10H,(H,13,14)""",NA
libraryInchikeys,6207,"InChI=1S/C21H38O4/c1-2-3-4-5-6-7-8-9-10-11-12-13-14-15-16-17-21(24)25-20(18-22)19-23/h6-7,9-10,20,22-23H,2-5,8,11-19H2,1H3/b7-6-,10-9-",IEPGNWMPIFDNSD-HZJYTTRNSA-N
libraryInchikeys,6616,"InChI=1S/C15H26O/c1-13(2)7-5-8-14(3)9-6-10-15(4)11-12-16/h7,9,11,16H,5-6,8,10,12H2,1-4H3/b14-9+,15-11+",CRDAMVZIKSXKFV-UVHTXQRESA-N
libraryInchikeys,6777,"InChI=1S/C24H47O9P/c1-2-3-4-5-6-7-8-9-10-11-12-13-14-15-16-17-24(28)31-19-23(27)21-33-34(29,30)32-20-22(26)18-25/h9-10,22-23,25-27H,2-8,11-21H2,1H3,(H,29,30)/b10-9-/t22?,23-/m1/s1",FQQQKGAFQIIGLQ-VYFUBJQISA-N
libraryInchikeys,7034,"InChI=1S/C24H32O7/c1-11-19-14(30-21(11)27)9-16-23(6)15(7-8-24(16)20(19)31-24)22(4,5)17(28-12(2)25)10-18(23)29-13(3)26/h14-18,20H,7-10H2,1-6H3/t14-,15-,16+,17+,18+,20-,23-,24+/m1/s1",YOELDOOOBJSHSZ-UMUYRDDKSA-N
libraryInchikeys,7169,"InChI=1S/C20H32N6O12S2/c21-9(19(35)36)1-3-13(27)25-11(17(33)23-5-15(29)30)7-39-40-8-12(18(34)24-6-16(31)32)26-14(28)4-2-10(22)20(37)38/h9-12H,1-8,21-22H2,(H,23,33)(H,24,34)(H,25,27)(H,26,28)(H,29,30)(H,31,32)(H,35,36)(H,37,38)/t9-,10-,11-,12-/m0/s1",YPZRWBKMTBYPTK-BJDJZHNGSA-N
libraryInchikeys,7248,"InChI=1S/C9H17NO5/c1-9(2,5-11)7(14)8(15)10-4-3-6(12)13/h7,11,14H,3-5H2,1-2H3,(H,10,15)(H,12,13)",GHOKWGTUZJEAQD-UHFFFAOYSA-N
libraryInchikeys,7521,InChI=1S/C10H6O2/c11-9-5-6-10(12)8-4-2-1-3-7(8)9/h1-6H,FRASJONUBLZVQX-UHFFFAOYSA-N
libraryInchikeys,7560,"InChI=1S/C13H26N2O3/c1-8(2)6-10(14)12(16)15-11(7-9(3)4)13(17)18-5/h8-11H,6-7,14H2,1-5H3,(H,15,16)/t10-,11-/m0/s1",AJMOLNFDYWTVQW-QWRGUYRKSA-N
libraryInchikeys,7735,"InChI=1S/C36H60O30/c37-1-7-25-13(43)19(49)31(55-7)62-26-8(2-38)57-33(21(51)15(26)45)64-28-10(4-40)59-35(23(53)17(28)47)66-30-12(6-42)60-36(24(54)18(30)48)65-29-11(5-41)58-34(22(52)16(29)46)63-27-9(3-39)56-32(61-25)20(50)14(27)44/h7-54H,1-6H2/t7-,8-,9-,10-,11-,12-,13-,14-,15-,16-,17-,18-,19-,20-,21-,22-,23-,24-,25-,26-,27-,28-,29-,30-,31-,32-,33-,34-,35-,36-/m1/s1",HFHDHCJBZVLPGP-RWMJIURBSA-N
libraryInchikeys,7744,"InChI=1S/C10H13N5O/c1-7(4-16)2-3-11-9-8-10(13-5-12-8)15-6-14-9/h2,5-6,16H,3-4H2,1H3,(H2,11,12,13,14,15)/b7-2+",UZKQTCBAMSWPJD-GRZPMIFFSA-N
libraryInchikeys,8162,"InChI=1S/C40H75O10P/c1-3-5-7-9-11-13-15-17-18-20-22-24-26-28-30-32-40(44)50-38(36-49-51(45,46)48-34-37(42)33-41)35-47-39(43)31-29-27-25-23-21-19-16-14-12-10-8-6-4-2/h11,13,17-18,37-38,41-42H,3-10,12,14-16,19-36H2,1-2H3,(H,45,46)/b13-11-,18-17-/t37?,38-/m1/s1",ATBOMIWRCZXYSZ-DLPCDOJJSA-N
libraryInchikeys,8250,"InChI=1S/C27H46O2/c1-18(7-6-14-25(2,3)29)22-10-11-23-21-9-8-19-17-20(28)12-15-26(19,4)24(21)13-16-27(22,23)5/h8,18,20-24,28-29H,6-7,9-17H2,1-5H3/t18-,20+,21+,22-,23+,24+,26+,27-/m1/s1",INBGSXNNRGWLJU-MMWCHQFZSA-N
libraryInchikeys,8311,"InChI=1S/C51H92O6/c1-4-7-10-13-16-19-22-25-28-31-34-37-40-43-49(52)55-46-48(57-51(54)45-42-39-36-33-30-27-24-21-18-15-12-9-6-3)47-56-50(53)44-41-38-35-32-29-26-23-20-17-14-11-8-5-2/h19-24,48H,4-18,25-47H2,1-3H3/b22-19-,23-20-,24-21-",SKGWNZXOCSYJQL-BUTYCLJRSA-N
libraryInchikeys,8421,"InChI=1S/C15H30O2/c1-3-4-5-6-7-8-9-10-11-12-13-14-15(16)17-2/h3-14H2,1-2H3",ZAZKJZBWRNNLDS-UHFFFAOYSA-N
libraryInchikeys,8439,"""InChI=1S/C9H14N3O8P/c10-5-1-2-12(9(15)11-5)8-7(14)6(13)4(20-8)3-19-21(16,17)18/h1-2,4,6-8,13-14H,3H2,(H2,10,11,15)(H2,16,17,18)/t4-,6-,7-,8-/m1/s1""",NA
libraryInchikeys,8642,"InChI=1S/C28H46O/c1-18(2)19(3)7-8-20(4)24-11-12-25-23-10-9-21-17-22(29)13-15-27(21,5)26(23)14-16-28(24,25)6/h7-9,18-20,22-26,29H,10-17H2,1-6H3/b8-7+/t19-,20+,22-,23-,24+,25-,26-,27-,28+/m0/s1",OILXMJHPFNGGTO-PXSSQYMJSA-N
libraryInchikeys,8867,"InChI=1S/C20H30O3/c1-2-3-4-5-6-7-8-9-10-11-12-13-14-16-19(21)17-15-18-20(22)23/h3-4,6-7,9-10,12-14,16,19,21H,2,5,8,11,15,17-18H2,1H3,(H,22,23)/b4-3-,7-6-,10-9-,13-12-,16-14+",FTAGQROYQYQRHF-DVTQSMNISA-N
libraryInchikeys,9320,"InChI=1S/C23H45NO4/c1-5-6-7-8-9-10-11-12-13-14-15-16-17-18-23(27)28-21(19-22(25)26)20-24(2,3)4/h21H,5-20H2,1-4H3",XOMRRQXKHMYMOC-UHFFFAOYSA-N
libraryInchikeys,9581,"InChI=1S/C12H17NO/c1-3-7-11(14)12(13-2)10-8-5-4-6-9-10/h4-6,8-9,12-13H,3,7H2,1-2H3",ILGRTMNCRBDXBI-UHFFFAOYSA-N
libraryInchikeys,9762,"InChI=1S/C21H36O4/c1-2-3-4-5-6-7-8-9-10-11-12-13-14-15-16-17-21(24)25-19-20(23)18-22/h3-4,6-7,9-10,20,22-23H,2,5,8,11-19H2,1H3/b4-3-,7-6-,10-9-",GGJRAQULURVTAJ-PDBXOOCHSA-N
analogInchikeys,21,"InChI=1S/C11H13ClN4O4/c12-6-1-4-7(10(13)15-6)14-3-16(4)11-9(19)8(18)5(2-17)20-11/h1,3,5,8-9,11,17-19H,2H2,(H2,13,15)/t5-,8-,9-,11-/m1/s1",LIDWXUGNGGWNEU-MGUDNFKCSA-N
analogInchikeys,36,"InChI=1S/C8H11N/c9-7-6-8-4-2-1-3-5-8/h1-5H,6-7,9H2",BHHGXPLMPWCGHP-UHFFFAOYSA-N
analogInchikeys,88,"InChI=1S/C8H14O4/c1-11-7(9)5-3-4-6-8(10)12-2/h3-6H2,1-2H3",UDSFAEKRVUSQDD-UHFFFAOYSA-N
analogInchikeys,95,"InChI=1S/C10H12N4O6/c15-1-3-5(16)6(17)9(20-3)14-2-11-4-7(14)12-10(19)13-8(4)18/h2-3,5-6,9,15-17H,1H2,(H2,12,13,18,19)/t3-,5-,6-,9-/m1/s1",UBORTCNDUKBEOP-UUOKFMHZSA-N
analogInchikeys,98,"InChI=1S/C12H17N4O4PS.ClH/c1-8-11(3-4-20-21(17,18)19)22-7-16(8)6-10-5-14-9(2)15-12(10)13;/h5,7H,3-4,6H2,1-2H3,(H3-,13,14,15,17,18,19);1H",GUGWNSHJDUEHNJ-UHFFFAOYSA-N
analogInchikeys,100,"InChI=1S/C11H16N4O4/c1-7(16)13-3-2-10(17)15-9(11(18)19)4-8-5-12-6-14-8/h5-6,9H,2-4H2,1H3,(H,12,14)(H,13,16)(H,15,17)(H,18,19)/t9-/m0/s1",BKAYIFDRRZZKNF-VIFPVBQESA-N
analogInchikeys,102,"InChI=1S/C9H10Cl2O/c1-3-6-4-7(12)9(11)5(2)8(6)10/h4,12H,3H2,1-2H3",GMHTUWZTSIUNIM-UHFFFAOYSA-N
analogInchikeys,103,"InChI=1S/C24H22NO7P.BrHO.12H2/c1-5-6-7-8-9-10-11-12-13-14-15-16-17-18-24(27)32-23(21-26)22-31-33(28,29)30-20-19-25(2,3)4;1-2;;;;;;;;;;;;/h23,26H,19-22H2,1-4H3;2H;12*1H/t23-;;;;;;;;;;;;;/m1............./s1",YKFGCFTZQOQFRX-VYMSZZINSA-N
analogInchikeys,133,"InChI=1S/C12H14O4/c1-3-15-11(13)9-7-5-6-8-10(9)12(14)16-4-2/h5-8H,3-4H2,1-2H3",FLKPEMZONWLCSK-UHFFFAOYSA-N
analogInchikeys,134,"""""""InChI=1S/C12H17NO/c1-4-13(5-2)12(14)11-8-6-7-10(3)9-11/h6-9H,4-5H2,1-3H3""""""",NA
analogInchikeys,150,"InChI=1S/C11H14O4/c1-14-9-6-8(4-3-5-12)7-10(15-2)11(9)13/h3-4,6-7,12-13H,5H2,1-2H3/b4-3+",LZFOPEXOUVTGJS-RHDNXJPHSA-N
analogInchikeys,170,"InChI=1S/C11H15N5O5/c1-15-3-16(8-5(15)9(20)14-11(12)13-8)10-7(19)6(18)4(2-17)21-10/h3-4,6-7,10,17-19H,2H2,1H3,(H2-,12,13,14,20)/t4-,6?,7?,10-/m0/s1",OGHAROSJZRTIOK-AMKBJPJNSA-N
analogInchikeys,175,"InChI=1S/C10H9NO3/c12-7-1-2-9-8(4-7)6(5-11-9)3-10(13)14/h1-2,4-5,11-12H,3H2,(H,13,14)",DUUGKQCEGZLZNO-UHFFFAOYSA-N
analogInchikeys,213,"InChI=1S/C22H30ClNO4S/c1-15-13-18(23)11-12-21(15)29(27,28)24-14-20-17-9-7-16(8-10-17)19(20)5-3-2-4-6-22(25)26/h3,5,11-13,16-17,19-20,24H,2,4,6-10,14H2,1H3,(H,25,26)/b5-3-/t16?,17?,19-,20-/m0/s1",VVEXPDRCGCQELD-CFDZEDGGSA-N
analogInchikeys,235,"InChI=1S/C11H20O4/c1-14-10(12)8-6-4-3-5-7-9-11(13)15-2/h3-9H2,1-2H3",DRUKNYVQGHETPO-UHFFFAOYSA-N
analogInchikeys,237,"InChI=1S/C11H12N2O2/c12-9(11(14)15)5-7-6-13-10-4-2-1-3-8(7)10/h1-4,6,9,13H,5,12H2,(H,14,15)/t9-/m1/s1",QIVBCDIJIAJPQS-SECBINFHSA-N
analogInchikeys,240,"InChI=1S/C26H55N2O7P/c1-6-7-8-9-10-11-12-13-14-15-16-17-18-19-21-32-23-25(35-26(29)27-2)24-34-36(30,31)33-22-20-28(3,4)5/h25H,6-24H2,1-5H3,(H-,27,29,30,31)/t25-/m1/s1",FNFHZBKBDFRYHS-RUZDIDTESA-N
analogInchikeys,251,"InChI=1S/C25H41NO3/c1-21(2)16-12-9-7-5-3-4-6-8-10-15-19-24(27)26-23(25(28)29)20-22-17-13-11-14-18-22/h11,13-14,17-18,21,23H,3-10,12,15-16,19-20H2,1-2H3,(H,26,27)(H,28,29)",WICAPTTWPBEVPW-UHFFFAOYSA-N
analogInchikeys,258,"InChI=1S/C15H10O5/c16-6-10-11(17)5-9-12(15(10)20)14(19)8-4-2-1-3-7(8)13(9)18/h1-5,16-17,20H,6H2",AMIDUPFSOUCLQB-UHFFFAOYSA-N
analogInchikeys,274,"InChI=1S/C16H26O2/c1-14(2)7-5-8-15(3)11(14)6-9-16(4)12(15)10-13(17)18-16/h11-12H,5-10H2,1-4H3/t11-,12+,15-,16+/m0/s1",IMKJGXCIJJXALX-YXZQPBNNSA-N
analogInchikeys,283,"""""""InChI=1S/C10H7NO2/c12-10(13)8-5-6-11-9-4-2-1-3-7(8)9/h1-6H,(H,12,13)""""""",NA
analogInchikeys,287,"InChI=1S/C9H18Cl3O4P/c10-4-1-7-14-17(13,15-8-2-5-11)16-9-3-6-12/h1-9H2",WOURXYYHORRGQO-UHFFFAOYSA-N
analogInchikeys,288,"InChI=1S/C14H19N3O5/c15-10(7-8-1-3-9(18)4-2-8)13(20)17-11(14(21)22)5-6-12(16)19/h1-4,10-11,18H,5-7,15H2,(H2,16,19)(H,17,20)(H,21,22)/t10-,11-/m0/s1",UBAQSAUDKMIEQZ-QWRGUYRKSA-N
analogInchikeys,292,"InChI=1S/C31H50O3/c1-19-11-16-31(26(33)34-8)18-17-29(6)21(25(31)20(19)2)9-10-23-28(5)14-13-24(32)27(3,4)22(28)12-15-30(23,29)7/h9,19-20,22-25,32H,10-18H2,1-8H3/t19-,20+,22+,23-,24+,25+,28+,29-,30-,31+/m1/s1",YCBSMEKEDOHEQI-QLJXJWEDSA-N
analogInchikeys,293,"InChI=1S/C6H4O5/c7-5(8)3-1-2-4(11-3)6(9)10/h1-2H,(H,7,8)(H,9,10)",CHTHALBTIRVDBM-UHFFFAOYSA-N
analogInchikeys,299,"InChI=1S/C11H12O3/c1-2-14-11(13)8-5-9-3-6-10(12)7-4-9/h3-8,12H,2H2,1H3/b8-5+",ZOQCEVXVQCPESC-SBRZMKMUSA-N
analogInchikeys,303,"InChI=1S/C15H13NO/c1-10(17)16-13-6-7-15-12(9-13)8-11-4-2-3-5-14(11)15/h2-7,9H,8H2,1H3,(H,16,17)",CZIHNRWJTSTCEX-UHFFFAOYSA-N
analogInchikeys,306,"InChI=1S/C33H64NO10P/c1-5-6-7-8-9-10-11-12-13-14-15-18-21-24-32(37)41-28-30(29-43-45(39,40)42-27-26-34(2,3)4)44-33(38)25-22-19-16-17-20-23-31(35)36/h30H,5-29H2,1-4H3,(H-,35,36,39,40)/t30-/m1/s1",GHQQYDSARXURNG-SSEXGKCCSA-N
analogInchikeys,317,"InChI=1S/C10H16O/c1-2-3-4-5-6-7-8-9-10-11/h6-10H,2-5H2,1H3/b7-6+,9-8+",JZQKTMZYLHNFPL-GCURPGTCSA-N
analogInchikeys,329,"InChI=1S/C14H27N3O4/c1-8(2)5-10(15)13(19)16-7-12(18)17-11(14(20)21)6-9(3)4/h8-11H,5-7,15H2,1-4H3,(H,16,19)(H,17,18)(H,20,21)",HYIFFZAQXPUEAU-UHFFFAOYSA-N
analogInchikeys,344,"InChI=1S/C11H12O4/c1-2-15-11(14)6-4-8-3-5-9(12)10(13)7-8/h3-7,12-13H,2H2,1H3/b6-4+",WDKYDMULARNCIS-AUPPOWQRSA-N
analogInchikeys,347,"InChI=1S/C12H23NO4/c1-9(2)6-12(16)17-10(7-11(14)15)8-13(3,4)5/h9-10H,6-8H2,1-5H3/t10-/m1/s1",IGQBPDJNUXPEMT-SNVBAGLBSA-N
analogInchikeys,367,"1S/C11H15NO2/c1-4-14-11(13)9-5-7-10(8-6-9)12(2)3/h5-8H,4H2,1-3H3",NA
analogInchikeys,376,"InChI=1S/C10H13N5O5/c11-10-13-7-4(8(19)14-10)12-2-15(7)9-6(18)5(17)3(1-16)20-9/h2-3,5-6,9,16-18H,1H2,(H3,11,13,14,19)/t3-,5-,6-,9-/m1/s1",NYHBQMYGNKIUIF-UUOKFMHZSA-N
analogInchikeys,380,"InChI=1S/C12H17NO/c1-8-6-5-7-11(9(8)2)12(14)10(3)13-4/h5-7,10,13H,1-4H3",APVRHNHXZXFDLN-UHFFFAOYSA-N
analogInchikeys,384,"InChI=1S/C15H22O2/c1-9-4-6-12(8-11(3)15(16)17)14-10(2)5-7-13(9)14/h8-9,12-13H,4-7H2,1-3H3,(H,16,17)/b11-8+/t9-,12+,13-/m1/s1",FEBNTWHYQKGEIQ-GWUKUUHCSA-N
analogInchikeys,405,"""""""InChI=1S/C9H18Cl3O4P/c1-7(4-10)14-17(13,15-8(2)5-11)16-9(3)6-12/h7-9H,4-6H2,1-3H3""""""",NA
analogInchikeys,406,"1S/C8H10N4O2/c1-10-4-9-6-5(10)7(13)12(3)8(14)11(6)2/h4H,1-3H3",NA
analogInchikeys,408,"InChI=1S/C24H50NO7P/c1-5-6-7-8-9-10-11-12-13-14-15-16-17-18-24(27)30-21-23(26)22-32-33(28,29)31-20-19-25(2,3)4/h23,26H,5-22H2,1-4H3/t23-/m1/s1",ASWBNKHCZGQVJV-HSZRJFAPSA-N
analogInchikeys,418,"InChI=1S/C23H38O4/c1-2-3-4-5-6-7-8-9-10-11-12-13-14-15-16-17-18-19-23(26)27-22(20-24)21-25/h6-7,9-10,12-13,15-16,22,24-25H,2-5,8,11,14,17-21H2,1H3/b7-6-,10-9-,13-12-,16-15-",RCRCTBLIHCHWDZ-DOFZRALJSA-N
analogInchikeys,420,"InChI=1S/C24H44O8/c1-2-6-22-21(5-1)29-17-13-25-9-10-27-15-19-31-23-7-3-4-8-24(23)32-20-16-28-12-11-26-14-18-30-22/h21-24H,1-20H2",QMLGNDFKJAFKGZ-UHFFFAOYSA-N
analogInchikeys,424,"InChI=1S/C15H22ClNO2/c1-5-13-8-6-7-11(2)15(13)17(14(18)9-16)12(3)10-19-4/h6-8,12H,5,9-10H2,1-4H3/t12-/m0/s1",WVQBLGZPHOPPFO-LBPRGKRZSA-N
analogInchikeys,428,"""""""InChI=1S/C10H15NO2S/c1-2-3-9-11-14(12,13)10-7-5-4-6-8-10/h4-8,11H,2-3,9H2,1H3""""""",NA
analogInchikeys,435,"InChI=1S/C18H34O2/c1-2-3-4-5-6-7-8-9-10-11-12-13-14-15-16-17-18(19)20/h7-8H,2-6,9-17H2,1H3,(H,19,20)/b8-7-",UWHZIFQPPBDJPM-FPLPWBNLSA-N
analogInchikeys,438,"InChI=1S/C9H18N2O4/c1-3-5(2)7(9(14)15)11-8(13)6(10)4-12/h5-7,12H,3-4,10H2,1-2H3,(H,11,13)(H,14,15)/t5-,6-,7-/m0/s1",BXLYSRPHVMCOPS-ACZMJKKPSA-N
analogInchikeys,439,"InChI=1S/C17H24O10/c1-6-3-8(19)11-7(15(23)24-2)5-25-16(10(6)11)27-17-14(22)13(21)12(20)9(4-18)26-17/h5-6,9-14,16-18,20-22H,3-4H2,1-2H3/t6-,9+,10+,11-,12+,13-,14+,16-,17-/m0/s1",HLXRWTJXGMHOFN-AOMIYFKASA-N
analogInchikeys,456,"InChI=1S/C10H13N5O6/c11-9-13-6-3(7(19)14-9)12-10(20)15(6)8-5(18)4(17)2(1-16)21-8/h2,4-5,8,16-18H,1H2,(H,12,20)(H3,11,13,14,19)/t2-,4?,5?,8-/m0/s1",FPGSEBKFEJEOSA-QRMUCLBVSA-N
analogInchikeys,459,"InChI=1S/C24H40O4/c1-14(4-9-22(27)28)18-7-8-19-17-6-5-15-12-16(25)10-11-23(15,2)20(17)13-21(26)24(18,19)3/h14-21,25-26H,4-13H2,1-3H3,(H,27,28)/t14-,15-,16-,17+,18-,19+,20+,21+,23+,24-/m1/s1",KXGVEGMKQFWNSR-OVUADSHRSA-N
analogInchikeys,466,"InChI=1S/C10H13NO4/c1-15-10(14)7(11)4-6-2-3-8(12)9(13)5-6/h2-3,5,7,12-13H,4,11H2,1H3/t7-/m0/s1",XBBDACCLCFWBSI-ZETCQYMHSA-N
analogInchikeys,467,"InChI=1S/C13H11NO/c15-13(11-7-3-1-4-8-11)14-12-9-5-2-6-10-12/h1-10H,(H,14,15)",ZVSKZLHKADLHSD-UHFFFAOYSA-N
analogInchikeys,477,"InChI=1S/C19H23NO3/c1-2-21-16-10-6-7-11-17(16)23-19(15-8-4-3-5-9-15)18-14-20-12-13-22-18/h3-11,18-20H,2,12-14H2,1H3/t18-,19-/m1/s1",CBQGYUDMJHNJBX-RTBURBONSA-N
analogInchikeys,483,"InChI=1S/C12H17NOS/c1-2-10(13-7-3-4-8-13)12(14)11-6-5-9-15-11/h5-6,9-10H,2-4,7-8H2,1H3",NGVNNJYFJYTCCO-UHFFFAOYSA-N
analogInchikeys,506,"InChI=1S/C15H22O/c1-12-6-5-7-13(2)14(16)9-11-15(3,4)10-8-12/h7-9,11H,5-6,10H2,1-4H3/b11-9-,12-8-,13-7-",GIHNTRQPEMKFKO-HQCVNHCJSA-N
analogInchikeys,510,"InChI=1S/C20H26O3/c1-3-20(23)9-7-17-15-11-18(22)16-10-12(21)4-5-13(16)14(15)6-8-19(17,20)2/h1,10,13-15,17-18,22-23H,4-9,11H2,2H3/t13-,14-,15-,17+,18-,19+,20+/m1/s1",RONQVEAZNZIVHW-ZPRPRKMUSA-N
analogInchikeys,526,"InChI=1S/C18H32O2/c1-2-3-4-5-6-7-8-9-10-11-12-13-14-15-16-17-18(19)20/h1H,3-17H2,(H,19,20)",DZIILFGADWDKMF-UHFFFAOYSA-N
analogInchikeys,528,"InChI=1S/C14H18N2O5/c15-10(13(18)19)6-7-12(17)16-11(14(20)21)8-9-4-2-1-3-5-9/h1-5,10-11H,6-8,15H2,(H,16,17)(H,18,19)(H,20,21)/t10-,11-/m0/s1",XHHOHZPNYFQJKL-QWRGUYRKSA-N
analogInchikeys,540,"InChI=1S/C10H12O4/c1-14-9-6-7(2-4-8(9)11)3-5-10(12)13/h2,4,6,11H,3,5H2,1H3,(H,12,13)",BOLQJTPHPSDZHR-UHFFFAOYSA-N
analogInchikeys,543,"InChI=1S/C15H22N2O3/c1-3-10(2)13(16)14(18)17-12(15(19)20)9-11-7-5-4-6-8-11/h4-8,10,12-13H,3,9,16H2,1-2H3,(H,17,18)(H,19,20)/t10-,12-,13+/m0/s1",WMDZARSFSMZOQO-QPXSXMOLSA-N
analogInchikeys,544,"InChI=1S/C11H19NO9/c1-4(14)12-8(5(15)2-6(16)11(20)21)10(19)9(18)7(17)3-13/h5,7-10,13,15,17-19H,2-3H2,1H3,(H,12,14)(H,20,21)/t5-,7+,8+,9+,10+/m0/s1",KBGAYAKRZNYFFG-VJWZZPINSA-N
analogInchikeys,557,"InChI=1S/C11H14N2O3/c1-11(13,10(15)16)6-9(14)7-4-2-3-5-8(7)12/h2-5H,6,12-13H2,1H3,(H,15,16)",PQEUTGZYJPUCNX-UHFFFAOYSA-N
analogInchikeys,558,"InChI=1S/C32H64NO8P/c1-6-8-10-12-14-16-18-20-22-24-31(34)38-28-30(29-40-42(36,37)39-27-26-33(3,4)5)41-32(35)25-23-21-19-17-15-13-11-9-7-2/h30H,6-29H2,1-5H3",IJFVSSZAOYLHEE-UHFFFAOYSA-N
analogInchikeys,560,"InChI=1S/C12H16O5/c1-3-4-8-7(2)11(12(15)16)9(17-8)5-6-10(13)14/h3-6H2,1-2H3,(H,13,14)(H,15,16)",WMCQWXZMVIETAO-UHFFFAOYSA-N
analogInchikeys,569,"InChI=1S/C10H18N2O3S/c1-16-6-4-7(11)9(13)12-5-2-3-8(12)10(14)15/h7-8H,2-6,11H2,1H3,(H,14,15)/t7-,8-/m0/s1",DZMGFGQBRYWJOR-YUMQZZPRSA-N
analogInchikeys,572,"InChI=1S/C10H15NO2/c1-11(13,7-8-12)9-10-5-3-2-4-6-10/h2-6,12H,7-9H2,1H3",MJQPYETZBGKFSD-UHFFFAOYSA-N
analogInchikeys,575,"InChI=1S/C24H32O7/c1-25-13-18(8-16-6-7-20(27-3)21(10-16)28-4)19(14-26-2)9-17-11-22(29-5)24-23(12-17)30-15-31-24/h6-7,10-12,18-19H,8-9,13-15H2,1-5H3",RCFGIEPQSDGMJJ-UHFFFAOYSA-N
analogInchikeys,577,"InChI=1S/C14H18O3/c15-13(16)14(17,11-7-3-1-4-8-11)12-9-5-2-6-10-12/h1,3-4,7-8,12,17H,2,5-6,9-10H2,(H,15,16)",YTRNSQPXEDGWMR-UHFFFAOYSA-N
analogInchikeys,599,"InChI=1S/C19H14O5/c1-23-18(21)15(13-10-6-3-7-11-13)17-16(20)14(19(22)24-17)12-8-4-2-5-9-12/h2-11,20H,1H3/b17-15+",OMZRMXULWNMRAE-CMWIQUJHSA-N
analogInchikeys,601,"InChI=1S/C18H37NO2/c1-2-3-4-5-6-7-8-9-10-11-12-13-14-15-18(21)17(19)16-20/h14-15,17-18,20-21H,2-13,16,19H2,1H3/b15-14+/t17-,18+/m0/s1",WWUZIQQURGPMPG-INRWFFCWSA-N
analogInchikeys,607,"InChI=1S/C9H15NO3/c11-5-9(6-12)8(13)7-1-3-10(9)4-2-7/h7,11-12H,1-6H2",RFBVBRVVOPAAFS-UHFFFAOYSA-N
analogInchikeys,610,"InChI=1S/C21H20O12/c22-6-13-15(27)17(29)18(30)21(32-13)33-20-16(28)14-11(26)4-8(23)5-12(14)31-19(20)7-1-2-9(24)10(25)3-7/h1-5,13,15,17-18,21-27,29-30H,6H2/t13-,15+,17+,18-,21+/m1/s1",OVSQVDMCBVZWGM-ULZHAHLESA-N
analogInchikeys,611,"InChI=1S/C17H21NO2/c1-4-18(5-2)17(19)13(3)20-16-12-8-10-14-9-6-7-11-15(14)16/h6-13H,4-5H2,1-3H3",WXZVAROIGSFCFJ-UHFFFAOYSA-N
analogInchikeys,617,"InChI=1S/C21H20O12/c22-6-13-15(27)17(29)18(30)21(32-13)33-20-16(28)14-11(26)4-8(23)5-12(14)31-19(20)7-1-2-9(24)10(25)3-7/h1-5,13,15,17-18,21-27,29-30H,6H2/t13-,15-,17+,18-,21+/m0/s1",OVSQVDMCBVZWGM-IWXXMXBISA-N
analogInchikeys,618,"InChI=1S/C20H32O2/c1-12-11-20(3)13(10-17(12)21)4-5-14-15-6-7-18(22)19(15,2)9-8-16(14)20/h12-17,21H,4-11H2,1-3H3/t12-,13+,14+,15+,16+,17+,19+,20+/m1/s1",FDGQIVOIHOIMNK-VYSWOPBRSA-N
analogInchikeys,623,"InChI=1S/C21H32O2/c1-5-6-7-11-18-14-20(22)19(21(23)15-18)13-12-17(4)10-8-9-16(2)3/h9,12,14-15,22-23H,5-8,10-11,13H2,1-4H3/b17-12+",QXACEHWTBCFNSA-BADLQHAESA-N
analogInchikeys,625,"InChI=1S/C15H21NO/c1-3-14(16-4-2)15(17)13-9-8-11-6-5-7-12(11)10-13/h8-10,14,16H,3-7H2,1-2H3",VJXZPPKMTRTYIH-UHFFFAOYSA-N
analogInchikeys,628,"InChI=1S/C9H10O4/c1-5-4-6(10)8(12-2)9(13-3)7(5)11/h4H,1-3H3",UIXPTCZPFCVOQF-UHFFFAOYSA-N
analogInchikeys,629,"InChI=1S/C11H22N2O3S/c1-7(2)6-9(11(15)16)13-10(14)8(12)4-5-17-3/h7-9H,4-6,12H2,1-3H3,(H,13,14)(H,15,16)/t8-,9-/m0/s1",PBOUVYGPDSARIS-IUCAKERBSA-N
analogInchikeys,632,"InChI=1S/C11H8O4/c1-6(12)10-8(13)4-2-7-3-5-9(14)15-11(7)10/h2-5,13H,1H3",XWYMACPLPPQCHC-UHFFFAOYSA-N
analogInchikeys,636,"InChI=1S/C5H11NO3/c1-3(7)4(6)5(8)9-2/h3-4,7H,6H2,1-2H3",TVHCXXXXQNWQLP-UHFFFAOYSA-N
analogInchikeys,638,"InChI=1S/C18H14Cl2O7/c1-6-11-16(13(20)14(21)12(6)19)27-15-7(2)10(17(22)25-4)8(24-3)5-9(15)26-18(11)23/h5,21H,1-4H3",RPHAAJGBADUATP-UHFFFAOYSA-N
analogInchikeys,655,"1S/C13H18O2/c1-9(2)8-11-4-6-12(7-5-11)10(3)13(14)15/h4-7,9-10H,8H2,1-3H3,(H,14,15)/t10-/m0/s1",NA
analogInchikeys,673,"InChI=1S/C15H19N3O3/c1-5-9-6-10(13(19)20)11(16-7-9)12-17-14(21)15(4,18-12)8(2)3/h6-8H,5H2,1-4H3,(H,19,20)(H,17,18,21)",XVOKUMIPKHGGTN-UHFFFAOYSA-N
analogInchikeys,674,"InChI=1S/C16H20NO/c1-17(2,3)12-11-16(18)15-10-6-8-13-7-4-5-9-14(13)15/h4-10H,11-12H2,1-3H3/q+1",VKODZDHCTWPSMZ-UHFFFAOYSA-N
analogInchikeys,678,"InChI=1S/C19H36O4/c1-3-4-5-6-7-8-9-10-11-12-13-14-19(23-17(2)21)15-18(22)16-20/h3,18-20,22H,1,4-16H2,2H3",MFLWBVVCOWPUBA-UHFFFAOYSA-N
analogInchikeys,682,"InChI=1S/C19H30O3/c1-17-11-22-16(20)10-12(17)4-5-13-14(17)6-8-18(2)15(13)7-9-19(18,3)21/h12-15,21H,4-11H2,1-3H3/t12-,13+,14-,15-,17-,18-,19+/m0/s1",QSLJIVKCVHQPLV-VYSWOPBRSA-N
analogInchikeys,698,"InChI=1S/C10H12O5/c1-2-6(11)9-7(12)3-5(10(14)15)4-8(9)13/h5,9H,2-4H2,1H3,(H,14,15)",BUCOQPHDYUOJSI-UHFFFAOYSA-N
analogInchikeys,701,"InChI=1S/C18H37NO4S/c1-2-3-4-5-6-7-8-9-10-11-12-13-14-15-18(20)19-16-17-24(21,22)23/h2-17H2,1H3,(H,19,20)(H,21,22,23)",LPDJCYFKKSLKRO-UHFFFAOYSA-N
analogInchikeys,704,"InChI=1S/C20H22O7/c1-9-8-14(11(3)17(21)15(9)19(22)23)27-20(24)16-10(2)7-13(25-5)12(4)18(16)26-6/h7-8,21H,1-6H3,(H,22,23)",MIJKZXWOOXIEEU-UHFFFAOYSA-N
analogInchikeys,707,"InChI=1S/C11H20O4/c1-15-11(14)9-7-5-3-2-4-6-8-10(12)13/h2-9H2,1H3,(H,12,13)",OSYQOBUUFRGFNG-UHFFFAOYSA-N
analogInchikeys,709,"""""""InChI=1S/C12H13NO2/c1-2-15-12(14)7-9-8-13-11-6-4-3-5-10(9)11/h3-6,8,13H,2,7H2,1H3""""""",NA
analogInchikeys,713,"InChI=1S/C15H29NO4/c1-5-6-7-8-9-10-15(19)20-13(11-14(17)18)12-16(2,3)4/h13H,5-12H2,1-4H3/t13-/m1/s1",CXTATJFJDMJMIY-CYBMUJFWSA-N
analogInchikeys,714,"InChI=1S/C20H24O3/c1-12(21)23-19-8-7-18-17-5-3-13-11-14(22)4-6-15(13)16(17)9-10-20(18,19)2/h9-11,17-19H,3-8H2,1-2H3/t17-,18+,19+,20+/m1/s1",CMRJPMODSSEAPL-LXKLROGNSA-N
analogInchikeys,715,"InChI=1S/C6H13NO2/c7-5-3-1-2-4-6(8)9/h1-5,7H2,(H,8,9)",SLXKOJJOQWFEFD-UHFFFAOYSA-N
analogInchikeys,720,"InChI=1S/C16H30O4/c17-15(18)13-11-9-7-5-3-1-2-4-6-8-10-12-14-16(19)20/h1-14H2,(H,17,18)(H,19,20)",QQHJDPROMQRDLA-UHFFFAOYSA-N
analogInchikeys,721,"InChI=1S/C20H26O3/c1-12(2)13-6-7-15-14(10-13)16(21)11-17-19(15,3)8-5-9-20(17,4)18(22)23/h6-7,10,12,17H,5,8-9,11H2,1-4H3,(H,22,23)",MSWJSDLNPCSSNW-UHFFFAOYSA-N
analogInchikeys,726,"InChI=1S/C5H13O3P/c1-4-7-9(3,6)8-5-2/h4-5H2,1-3H3",NYYLZXREFNYPKB-UHFFFAOYSA-N
analogInchikeys,727,"InChI=1S/C23H15ClO3/c24-16-12-10-15(11-13-16)19(14-6-2-1-3-7-14)23(27)20-21(25)17-8-4-5-9-18(17)22(20)26/h1-13,19-20H",UDHXJZHVNHGCEC-UHFFFAOYSA-N
analogInchikeys,738,"InChI=1S/C11H13NO3S/c1-8(13)12-10(11(14)15)7-16-9-5-3-2-4-6-9/h2-6,10H,7H2,1H3,(H,12,13)(H,14,15)/t10-/m0/s1",CICOZWHZVMOPJS-JTQLQIEISA-N
analogInchikeys,740,"InChI=1S/C13H19NO/c1-3-8-12(14-4-2)13(15)11-9-6-5-7-10-11/h5-7,9-10,12,14H,3-4,8H2,1-2H3",QQAHEGDXEXIQPR-UHFFFAOYSA-N
analogInchikeys,742,"InChI=1S/C3H7O7P/c4-1-2(3(5)6)10-11(7,8)9/h2,4H,1H2,(H,5,6)(H2,7,8,9)/t2-/m1/s1",GXIURPTVHJPJLF-UWTATZPHSA-N
analogInchikeys,743,"InChI=1S/C15H26O/c1-10-5-8-15(16)13(2,3)11-6-7-14(15,4)12(10)9-11/h10-12,16H,5-9H2,1-4H3/t10-,11+,12-,14-,15+/m0/s1",GGHMUJBZYLPWFD-WMHQYDKJSA-N
analogInchikeys,745,"InChI=1S/C11H13NO4/c1-7(13)12-10(11(15)16)6-8-2-4-9(14)5-3-8/h2-5,10,14H,6H2,1H3,(H,12,13)(H,15,16)/t10-/m0/s1",CAHKINHBCWCHCF-JTQLQIEISA-N
analogInchikeys,752,"InChI=1S/C21H20O11/c22-6-14-17(27)19(29)20(30)21(32-14)16-11(26)5-13-15(18(16)28)10(25)4-12(31-13)7-1-2-8(23)9(24)3-7/h1-5,14,17,19-24,26-30H,6H2",ODBRNZZJSYPIDI-UHFFFAOYSA-N
analogInchikeys,756,"InChI=1S/C20H28O2/c1-15(7-6-8-16(2)12-14-21)9-10-18-17(3)19(22)11-13-20(18,4)5/h6-10,12,14,19,22H,11,13H2,1-5H3/b8-6+,10-9+,15-7+,16-12+",CYVVUYORRQQAQE-BGWOKVLNSA-N
analogInchikeys,758,"InChI=1S/C5H9NO3S/c1-3(7)6-4(2-10)5(8)9/h4,10H,2H2,1H3,(H,6,7)(H,8,9)/t4-/m0/s1",PWKSKIMOESPYIA-BYPYZUCNSA-N
analogInchikeys,762,"""""""InChI=1S/C16H33NO3/c1-2-3-4-5-6-7-8-9-10-11-16(20)17(12-14-18)13-15-19/h18-19H,2-15H2,1H3""""""",NA
analogInchikeys,778,"InChI=1S/C10H17N3O4/c1-6(10(16)17)12-9(15)7-3-2-4-13(7)8(14)5-11/h6-7H,2-5,11H2,1H3,(H,12,15)(H,16,17)",GGLIDLCEPDHEJO-UHFFFAOYSA-N
analogInchikeys,790,"InChI=1S/C21H34O4/c1-20-8-7-13(23)9-12(20)3-4-14-15-5-6-16(18(25)11-22)21(15,2)10-17(24)19(14)20/h12-17,19,22-24H,3-11H2,1-2H3/t12-,13+,14-,15-,16+,17-,19+,20-,21-/m0/s1",RHQQHZQUAMFINJ-VYSWOPBRSA-N
analogInchikeys,795,"InChI=1S/C11H15N5O4/c1-15-3-14-10-6(9(15)12)13-4-16(10)11-8(19)7(18)5(2-17)20-11/h3-5,7-8,11-12,17-19H,2H2,1H3/t5-,7-,8-,11-/m1/s1",GFYLSDSUCHVORB-IOSLPCCCSA-N
analogInchikeys,812,"InChI=1S/C15H13NO2/c1-9(17)16-12-2-4-14-10(7-12)6-11-8-13(18)3-5-15(11)14/h2-5,7-8,18H,6H2,1H3,(H,16,17)",RAYOKTUAMJNEFH-UHFFFAOYSA-N
analogInchikeys,815,"InChI=1S/C23H30O5/c24-18(13-12-17-8-4-3-5-9-17)14-15-20-19(21(25)16-22(20)26)10-6-1-2-7-11-23(27)28/h1,3-6,8-9,14-15,18-21,24-25H,2,7,10-13,16H2,(H,27,28)/b6-1-,15-14+/t18?,19?,20-,21?/m1/s1",OAQGPAZDRCBBLD-BPTZFLGASA-N
analogInchikeys,819,"InChI=1S/C23H38O/c1-19(2)11-7-12-20(3)13-8-14-21(4)15-9-16-22(5)17-10-18-23(6)24/h11,13,15,17H,7-10,12,14,16,18H2,1-6H3/b20-13+,21-15+,22-17+",HUCXKZBETONXFO-NRZWEEIPSA-N
analogInchikeys,820,"InChI=1S/C8H11NO3/c9-2-1-5-3-6(10)8(12)7(11)4-5/h3-4,10-12H,1-2,9H2",LCAINUZZHIZKKS-UHFFFAOYSA-N
analogInchikeys,823,"InChI=1S/C11H12O4/c12-10(13)7-9(11(14)15)6-8-4-2-1-3-5-8/h1-5,9H,6-7H2,(H,12,13)(H,14,15)",GTOFKXZQQDSVFH-UHFFFAOYSA-N
analogInchikeys,824,"InChI=1S/C12H20O4/c13-11(14)9-7-5-3-1-2-4-6-8-10-12(15)16/h7,9H,1-6,8,10H2,(H,13,14)(H,15,16)/b9-7+",MAZWDMBCPDUFDJ-VPNQQCBCSA-N
analogInchikeys,825,"InChI=1S/C12H17N4O4PS/c1-8-11(3-4-20-21(17,18)19)22-7-16(8)6-10-5-14-9(2)15-12(10)13/h5,7H,3-4,6H2,1-2H3,(H3-,13,14,15,17,18,19)",HZSAJDVWZRBGIF-UHFFFAOYSA-N
analogInchikeys,831,"InChI=1S/C8H12O4/c9-7(10)5-2-1-3-6(4-5)8(11)12/h5-6H,1-4H2,(H,9,10)(H,11,12)",XBZSBBLNHFMTEB-UHFFFAOYSA-N
analogInchikeys,833,"InChI=1S/C9H10O3/c1-2-12-9(11)7-4-3-5-8(10)6-7/h3-6,10H,2H2,1H3",MWSMNBYIEBRXAL-UHFFFAOYSA-N
analogInchikeys,834,"InChI=1S/C8H12N2O3S/c1-8(2)4(7(12)13)10-5(11)3(9)6(10)14-8/h3-4,6H,9H2,1-2H3,(H,12,13)/t3-,4+,6-/m1/s1",NGHVIOIJCVXTGV-PFBXLTBLSA-N
analogInchikeys,838,"InChI=1S/C17H16O8/c1-8-4-11(19)14(16(20)21)12(5-8)25-15-10(17(22)24-3)6-9(18)7-13(15)23-2/h4-7,18-19H,1-3H3,(H,20,21)",XOKVHFNTYHPEHN-UHFFFAOYSA-N
analogInchikeys,841,"InChI=1S/C18H34O4/c1-3-5-15-21-17(19)13-11-9-7-8-10-12-14-18(20)22-16-6-4-2/h3-16H2,1-2H3",PYGXAGIECVVIOZ-UHFFFAOYSA-N
analogInchikeys,844,"InChI=1S/C13H22O/c1-10-6-5-9-13(3,4)12(10)8-7-11(2)14/h6,12H,5,7-9H2,1-4H3",JHJCHCSUEGPIGE-UHFFFAOYSA-N
analogInchikeys,845,"InChI=1S/C11H9NO3/c13-10(11(14)15)5-7-6-12-9-4-2-1-3-8(7)9/h1-4,6,12H,5H2,(H,14,15)",RSTKLPZEZYGQPY-UHFFFAOYSA-N
analogInchikeys,846,"InChI=1S/C25H42O5/c1-14(5-8-22(29)30-4)17-6-7-18-23-19(13-21(28)25(17,18)3)24(2)10-9-16(26)11-15(24)12-20(23)27/h14-21,23,26-28H,5-13H2,1-4H3",DLYVTEULDNMQAR-UHFFFAOYSA-N
analogInchikeys,850,"InChI=1S/C16H23NO3/c1-3-6-13(17-9-4-5-10-17)16(19)12-7-8-14(18)15(11-12)20-2/h7-8,11,13,18H,3-6,9-10H2,1-2H3",LGTMQHOZRKNUTB-UHFFFAOYSA-N
analogInchikeys,853,"InChI=1S/C6H8O4/c7-5(8)3-1-2-4-6(9)10/h1-2H,3-4H2,(H,7,8)(H,9,10)/b2-1+",YHGNXQAFNHCBTK-PEEBWJHJSA-N
analogInchikeys,859,"InChI=1S/C6H10O8/c7-1(3(9)5(11)12)2(8)4(10)6(13)14/h1-4,7-10H,(H,11,12)(H,13,14)/t1-,2+,3+,4-",DSLZVSRJTYRBFB-SEDZCHHISA-N
analogInchikeys,865,"InChI=1S/C9H10O4/c1-12-6-3-4-7(8(10)5-6)9(11)13-2/h3-5,10H,1-2H3",ZICRWXFGZCVTBZ-UHFFFAOYSA-N
analogInchikeys,869,"InChI=1S/C19H30O2/c1-3-4-5-6-7-8-9-10-11-12-13-14-15-16-17-18-19(20)21-2/h4-5,7-8,10-11,13-14H,3,6,9,12,15-18H2,1-2H3/b5-4-,8-7-,11-10-,14-13-",BIRKCHKCDPCDEG-GJDCDIHCSA-N
analogInchikeys,872,"InChI=1S/C11H20N2O5/c1-6(2)5-7(12)10(16)13-8(11(17)18)3-4-9(14)15/h6-8H,3-5,12H2,1-2H3,(H,13,16)(H,14,15)(H,17,18)/t7-,8-/m0/s1",NFNVDJGXRFEYTK-YUMQZZPRSA-N
analogInchikeys,874,"InChI=1S/C9H6O3/c10-7-2-3-8-6(5-7)1-4-9(11)12-8/h1-5,10H",CJIJXIFQYOPWTF-UHFFFAOYSA-N
analogInchikeys,886,"InChI=1S/C12H25N3O3/c1-3-8(2)10(12(17)18)15-11(16)9(14)6-4-5-7-13/h8-10H,3-7,13-14H2,1-2H3,(H,15,16)(H,17,18)/t8-,9-,10-/m0/s1",FMIIKPHLJKUXGE-GUBZILKMSA-N
analogInchikeys,889,"InChI=1S/C15H15NO4S/c1-12-6-5-7-13(10-12)20-11-15(17)16-21(18,19)14-8-3-2-4-9-14/h2-10H,11H2,1H3,(H,16,17)",SFZYHNAGMAZZMB-UHFFFAOYSA-N
analogInchikeys,891,"InChI=1S/C15H22O/c1-11(2)6-5-7-12(3)14-9-8-13(4)15(16)10-14/h6,8-10,12,16H,5,7H2,1-4H3/t12-/m1/s1",FKWGCEDRLNNZOZ-GFCCVEGCSA-N
analogInchikeys,897,"InChI=1S/C17H14O3S/c1-10(17(19)20)11-6-7-15-12(8-11)9-14(18)13-4-2-3-5-16(13)21-15/h2-8,10H,9H2,1H3,(H,19,20)",MUXFZBHBYYYLTH-UHFFFAOYSA-N
analogInchikeys,899,"InChI=1S/C32H37NO4/c1-32(2,31(35)36)27-17-15-24(16-18-27)29(34)14-9-21-33-22-19-28(20-23-33)37-30(25-10-5-3-6-11-25)26-12-7-4-8-13-26/h3-8,10-13,15-18,28,30H,9,14,19-23H2,1-2H3,(H,35,36)",XGHOVGYJHWQGCC-UHFFFAOYSA-N
analogInchikeys,912,"1S/C5H11NO4S/c1-5(7)6-3-2-4-11(8,9)10/h2-4H2,1H3,(H,6,7)(H,8,9,10)",NA
analogInchikeys,914,"InChI=1S/C8H9NO/c1-7(10)9-8-5-3-2-4-6-8/h2-6H,1H3,(H,9,10)",FZERHIULMFGESH-UHFFFAOYSA-N
analogInchikeys,917,"InChI=1S/C15H22N2O4/c1-9(2)7-12(16)14(19)17-13(15(20)21)8-10-3-5-11(18)6-4-10/h3-6,9,12-13,18H,7-8,16H2,1-2H3,(H,17,19)(H,20,21)/t12-,13-/m0/s1",LHSGPCFBGJHPCY-STQMWFEESA-N
analogInchikeys,919,"InChI=1S/C10H18O3/c11-9-7-5-3-1-2-4-6-8-10(12)13/h6,8,11H,1-5,7,9H2,(H,12,13)/b8-6+",QHBZHVUGQROELI-BGWOKVLNSA-N
analogInchikeys,926,"InChI=1S/C11H14O3/c1-6-4-7-2-3-9-11(7,13)8(5-6)10(12)14-9/h5-7,9,13H,2-4H2,1H3/t6-,7+,9+,11-/m0/s1",SOIISBQQYAGDKM-HCKJEADASA-N
analogInchikeys,936,"InChI=1S/C16H16O6/c1-22-15-5-3-9(6-12(15)19)2-4-11(18)16-13(20)7-10(17)8-14(16)21/h3,5-8,17,19-21H,2,4H2,1H3",RWKSTZADJBEXSQ-UHFFFAOYSA-N
analogInchikeys,944,"InChI=1S/C12H22O4/c13-11(14)9-7-5-3-1-2-4-6-8-10-12(15)16/h1-10H2,(H,13,14)(H,15,16)",TVIDDXQYHWJXFK-UHFFFAOYSA-N
analogInchikeys,945,"InChI=1S/C12H19NO2/c1-9(13-2)7-10-5-6-11(14-3)12(8-10)15-4/h5-6,8-9,13H,7H2,1-4H3",BUWHCARWGYFQPE-UHFFFAOYSA-N
analogInchikeys,946,"InChI=1S/C18H34O2/c1-2-3-4-5-6-7-8-9-10-11-12-13-14-15-16-17-18(19)20/h12-13H,2-11,14-17H2,1H3,(H,19,20)/b13-12-",CNVZJPUDSLNTQU-SEYXRHQNSA-N
analogInchikeys,949,"InChI=1S/C19H20N2O2/c1-2-3-14-17-18(22)20(15-10-6-4-7-11-15)21(19(17)23)16-12-8-5-9-13-16/h4-13,17H,2-3,14H2,1H3",VYMDGNCVAMGZFE-UHFFFAOYSA-N
analogInchikeys,950,"InChI=1S/C17H25NO5/c1-6-8-11(18-23-9-7-2)13-12(19)10-17(3,4)14(15(13)20)16(21)22-5/h7,13-14H,2,6,8-10H2,1,3-5H3/b18-11+",MSNWHIVXIUIVPC-GZLDZVHQSA-N
analogInchikeys,955,"InChI=1S/C15H20O2/c1-10-5-4-6-11(2)9-14-13(8-7-10)12(3)15(16)17-14/h5,9,13-14H,3-4,6-8H2,1-2H3/b10-5-,11-9-/t13-,14+/m0/s1",HRYLQFBHBWLLLL-ZLSWUZCVSA-N
analogInchikeys,960,"InChI=1S/C8H20NO6P/c1-9(2,3)4-5-14-16(12,13)15-7-8(11)6-10/h8,10-11H,4-7H2,1-3H3/t8-/m1/s1",SUHOQUVVVLNYQR-MRVPVSSYSA-N
analogInchikeys,967,"InChI=1S/C9H10O3/c10-8-4-2-1-3-7(8)5-6-9(11)12/h1-4,10H,5-6H2,(H,11,12)",CJBDUOMQLFKVQC-UHFFFAOYSA-N
analogInchikeys,968,"InChI=1S/C12H16N2O4/c1-7(13)11(16)14-10(12(17)18)6-8-2-4-9(15)5-3-8/h2-5,7,10,15H,6,13H2,1H3,(H,14,16)(H,17,18)/t7-,10+/m0/s1",ALZVPLKYDKJKQU-MAAKUKGSSA-N
analogInchikeys,972,"InChI=1S/C14H26O4/c15-13(16)11-9-7-5-3-1-2-4-6-8-10-12-14(17)18/h1-12H2,(H,15,16)(H,17,18)",HQHCYKULIHKCEB-UHFFFAOYSA-N
analogInchikeys,980,"InChI=1S/C9H7NO2/c1-10-8(11)6-4-2-3-5-7(6)9(10)12/h2-5H,1H3",ZXLYYQUMYFHCLQ-UHFFFAOYSA-N
analogInchikeys,994,"InChI=1S/C15H26O2/c1-11-5-7-12(8-6-11)15(4)10-9-13(16)14(2,3)17-15/h5,12-13,16H,6-10H2,1-4H3/t12-,13+,15+/m1/s1",WJHRAVIQWFQMKF-VYSWOPBRSA-N
analogInchikeys,995,"InChI=1S/C12H17NO/c1-4-10-6-5-7-11(8-10)12(14)9(2)13-3/h5-9,13H,4H2,1-3H3",XKZMMQQSZJUMDL-UHFFFAOYSA-N
analogInchikeys,999,"InChI=1S/C17H19NO/c1-13-8-10-16(11-9-13)17(19)14(2)18-12-15-6-4-3-5-7-15/h3-11,14,18H,12H2,1-2H3",KWHZRPBDEAQYDE-UHFFFAOYSA-N
analogInchikeys,1002,"InChI=1S/C12H20O2/c1-6-14-11(13)10-9(7-8(2)3)12(10,4)5/h7,9-10H,6H2,1-5H3",VIMXTGUGWLAOFZ-UHFFFAOYSA-N
analogInchikeys,1004,"InChI=1S/C19H32O2/c1-18-9-7-13(20)11-12(18)3-4-14-15-5-6-17(21)19(15,2)10-8-16(14)18/h12-17,20-21H,3-11H2,1-2H3/t12-,13-,14-,15-,16-,17-,18-,19-/m0/s1",CBMYJHIOYJEBSB-YSZCXEEOSA-N
analogInchikeys,1012,"InChI=1S/C9H20O5/c1-11-4-5-13-8-9-14-7-6-12-3-2-10/h10H,2-9H2,1H3",ZNYRFEPBTVGZDN-UHFFFAOYSA-N
analogInchikeys,1021,"InChI=1S/C11H6F3NO3/c12-11(13,14)5-1-2-6-8(3-5)15-4-7(9(6)16)10(17)18/h1-4H,(H,15,16)(H,17,18)",BIRIVPOTERXIOW-UHFFFAOYSA-N
analogInchikeys,1024,"InChI=1S/C23H27N3O5/c24-18(13-16-8-10-17(27)11-9-16)22(29)26-12-4-7-20(26)21(28)25-19(23(30)31)14-15-5-2-1-3-6-15/h1-3,5-6,8-11,18-20,27H,4,7,12-14,24H2,(H,25,28)(H,30,31)",RCMWNNJFKNDKQR-UHFFFAOYSA-N
analogInchikeys,1027,"InChI=1S/C7H4Cl3NO3/c8-3-1-4(9)7(11-6(3)10)14-2-5(12)13/h1H,2H2,(H,12,13)",REEQLXCGVXDJSQ-UHFFFAOYSA-N
analogInchikeys,1041,"InChI=1S/C10H16O/c1-6(2)10-4-8(10)7(3)9(11)5-10/h6-8H,4-5H2,1-3H3/t7?,8-,10+/m1/s1",USMNOWBWPHYOEA-GUADBAEVSA-N
analogInchikeys,1043,"InChI=1S/C10H14O5/c1-13-9(11)7-5-3-4-6(15-5)8(7)10(12)14-2/h5-8H,3-4H2,1-2H3",HGUPYDNRFPCLSC-UHFFFAOYSA-N
analogInchikeys,1045,"InChI=1S/C23H34O5/c1-3-4-10-17-21(25)22(26)18-13-8-6-5-7-11-15-20(24)16-12-9-14-19-23(27)28-2/h4-13,15,18,20-22,24-26H,3,14,16-17,19H2,1-2H3/b7-5-,8-6+,10-4-,12-9-,15-11+,18-13+/t20-,21+,22-/m1/s1",MQCKXANXFRGFND-SOEGKXFLSA-N
analogInchikeys,1046,"InChI=1S/C16H24O7/c17-10(6-8-16(22)23)5-7-12-11(13(18)9-14(12)19)3-1-2-4-15(20)21/h1-2,11-14,18-19H,3-9H2,(H,20,21)(H,22,23)/b2-1-/t11-,12-,13+,14+/m1/s1",XSGSZQDCVYMZGQ-FTABWKBUSA-N
analogInchikeys,1048,InChI=1S/C18H24N2O8/c21-13-9-10-14(22)19(13)27-17(25)7-5-3-1-2-4-6-8-18(26)28-20-15(23)11-12-16(20)24/h1-12H2,XPKIVYVYXKPGBP-UHFFFAOYSA-N
analogInchikeys,1051,"InChI=1S/C11H18N2O5S/c1-2-5-19-6-8(11(17)18)13-9(14)4-3-7(12)10(15)16/h2,7-8H,1,3-6,12H2,(H,13,14)(H,15,16)(H,17,18)/t7-,8-/m0/s1",FUTHBNRZCFKVQZ-YUMQZZPRSA-N
analogInchikeys,1062,"InChI=1S/C11H17N5O4/c12-7(1-2-9(13)17)10(18)16-8(11(19)20)3-6-4-14-5-15-6/h4-5,7-8H,1-3,12H2,(H2,13,17)(H,14,15)(H,16,18)(H,19,20)/t7-,8-/m0/s1",JZOYFBPIEHCDFV-YUMQZZPRSA-N
analogInchikeys,1064,"InChI=1S/C14H16N2OS/c1-2-11-3-5-12(6-4-11)7-8-13(17)16-14-15-9-10-18-14/h3-8H,2,9-10H2,1H3,(H,15,16,17)/b8-7+",MTLJBAFNMHPGBV-PXSSQYMJSA-N
analogInchikeys,1066,"InChI=1S/C28H58NO7P/c1-6-7-8-9-10-11-12-13-14-15-16-17-18-19-20-21-23-33-25-28(36-27(2)30)26-35-37(31,32)34-24-22-29(3,4)5/h28H,6-26H2,1-5H3/t28-/m1/s1",ZXCIEWBDUAPBJF-MUUNZHRXSA-N
analogInchikeys,1067,"InChI=1S/C15H22N4O6/c16-13(23)10-2-1-7-19(10)15(25)9(4-6-12(21)22)18-14(24)8-3-5-11(20)17-8/h8-10H,1-7H2,(H2,16,23)(H,17,20)(H,18,24)(H,21,22)",HYZBGWLLSXSYLX-UHFFFAOYSA-N
analogInchikeys,1073,"InChI=1S/C11H16N4O4/c16-3-8-6(17)1-9(19-8)15-5-14-10-7(18)2-12-4-13-11(10)15/h4-9,16-18H,1-3H2,(H,12,13)/t6-,7+,8+,9+/m0/s1",FPVKHBSQESCIEP-HCKJEADASA-N
analogInchikeys,1082,"InChI=1S/C14H16O4/c1-9(15)4-2-6-11-8-10-5-3-7-12(16)13(10)14(17)18-11/h3,5,7,11,16H,2,4,6,8H2,1H3",KEYNBOUNPFJEST-UHFFFAOYSA-N
analogInchikeys,1093,"InChI=1S/C17H32O2/c1-2-3-4-5-6-7-8-9-10-11-12-13-14-15-16-17(18)19/h7-8H,2-6,9-16H2,1H3,(H,18,19)/b8-7-",GDTXICBNEOEPAZ-FPLPWBNLSA-N
analogInchikeys,1098,"InChI=1S/C23H29ClN2O/c1-18(2)23(27)26(21-10-8-20(24)9-11-21)22-13-16-25(17-14-22)15-12-19-6-4-3-5-7-19/h3-11,18,22H,12-17H2,1-2H3",YWHLYGSHOQKCJG-UHFFFAOYSA-N
analogInchikeys,1104,"InChI=1S/C12H24O2/c1-3-4-5-6-7-8-9-10-11-12(13)14-2/h3-11H2,1-2H3",XPQPWPZFBULGKT-UHFFFAOYSA-N
analogInchikeys,1108,"InChI=1S/C17H21NO2/c1-20-17(19)15-12-18(11-13-7-3-2-4-8-13)16-10-6-5-9-14(15)16/h5-6,9-10,12-13H,2-4,7-8,11H2,1H3",KNWOMWABRWXHET-UHFFFAOYSA-N
analogInchikeys,1109,"InChI=1S/C27H46O3/c1-17(7-6-12-25(2,3)30)20-8-9-21-24-22(11-14-27(20,21)5)26(4)13-10-19(28)15-18(26)16-23(24)29/h16-17,19-24,28-30H,6-15H2,1-5H3/t17-,19+,20-,21+,22+,23-,24+,26+,27-/m1/s1",BQMSKLCEWBSPPY-KDKLRWKUSA-N
analogInchikeys,1110,"InChI=1S/C10H17NO5/c12-8(11-7-10(15)16)5-3-1-2-4-6-9(13)14/h1-7H2,(H,11,12)(H,13,14)(H,15,16)",HXATVKDSYDWTCX-UHFFFAOYSA-N
analogInchikeys,1120,"InChI=1S/C12H20O2/c1-2-3-4-5-6-7-8-9-10-11-12(13)14/h8-11H,2-7H2,1H3,(H,13,14)/b9-8+,11-10+",HQSBWLQFLLMPKC-RVIBEOFBSA-N
analogInchikeys,1124,"InChI=1S/C19H19N7O6/c20-19-25-15-14(17(30)26-19)23-11(8-22-15)7-21-10-3-1-9(2-4-10)16(29)24-12(18(31)32)5-6-13(27)28/h1-4,8,12,21H,5-7H2,(H,24,29)(H,27,28)(H,31,32)(H3,20,22,25,26,30)/t12-/m0/s1",OVBPIULPVIDEAO-LBPRGKRZSA-N
analogInchikeys,1129,InChI=1S/C16H20N2O8/c19-11-7-8-12(20)17(11)25-15(23)5-3-1-2-4-6-16(24)26-18-13(21)9-10-14(18)22/h1-10H2,ZWIBGKZDAWNIFC-UHFFFAOYSA-N
analogInchikeys,1136,"InChI=1S/C12H22O/c1-2-3-4-5-6-7-8-9-10-11-12-13/h2-5,13H,6-12H2,1H3/b3-2+,5-4+",CSWBSLXBXRFNST-PICRSVEESA-N
analogInchikeys,1146,"InChI=1S/C10H18O2/c1-2-3-4-5-6-9-7-8-10(11)12-9/h9H,2-8H2,1H3",IFYYFLINQYPWGJ-UHFFFAOYSA-N
analogInchikeys,1147,"InChI=1S/C8H9NO2/c1-6(10)9-7-2-4-8(11)5-3-7/h2-5,11H,1H3,(H,9,10)",RZVAJINKPMORJF-UHFFFAOYSA-N
analogInchikeys,1150,"InChI=1S/C21H34O5/c1-19-7-5-13(23)9-12(19)3-4-14-15-6-8-21(26,17(25)11-22)20(15,2)10-16(24)18(14)19/h12-16,18,22-24,26H,3-11H2,1-2H3/t12-,13-,14-,15-,16-,18+,19-,20-,21-/m0/s1",AODPIQQILQLWGS-KJVZBRIYSA-N
analogInchikeys,1154,"InChI=1/C13H21N3O8S/c1-6(17)13(24)25-5-8(11(21)15-4-10(19)20)16-9(18)3-2-7(14)12(22)23/h6-8,17H,2-5,14H2,1H3,(H,15,21)(H,16,18)(H,19,20)(H,22,23)/t6-,7+,8+/m1/s1/f/h15-16,19,22H",VDYDCVUWILIYQF-HCKJEADANA-N
analogInchikeys,1155,"InChI=1S/C8H9NO2/c1-6(10)9-7-3-2-4-8(11)5-7/h2-5,11H,1H3,(H,9,10)",QLNWXBAGRTUKKI-UHFFFAOYSA-N
analogInchikeys,1167,"InChI=1S/C17H24O11/c1-6-3-9(19)17(24)7(14(23)25-2)5-26-15(10(6)17)28-16-13(22)12(21)11(20)8(4-18)27-16/h5-6,8,10-13,15-16,18,20-22,24H,3-4H2,1-2H3/t6-,8+,10-,11+,12-,13+,15-,16-,17+/m0/s1",PRZVXHGUJJPSME-QSVGFQLTSA-N
analogInchikeys,1168,"InChI=1S/C7H13NO4/c1-11-6(9)4-3-5(8)7(10)12-2/h5H,3-4,8H2,1-2H3/t5-/m0/s1",YEJSPQZHMWGIGP-YFKPBYRVSA-N
analogInchikeys,1170,"InChI=1S/C13H19NO/c1-5-12(14(3)4)13(15)11-8-6-10(2)7-9-11/h6-9,12H,5H2,1-4H3",UKVFBTRCNFUOFU-UHFFFAOYSA-N
analogInchikeys,1176,"InChI=1S/C7H10N2O4/c1-3-4(6(10)9-13-3)2-5(8)7(11)12/h5H,2,8H2,1H3,(H,9,10)(H,11,12)",UUDAMDVQRQNNHZ-UHFFFAOYSA-N
analogInchikeys,1179,"InChI=1S/C22H38O5/c1-4-5-14-22(2,26)15-10-12-18-17(19(23)16-20(18)24)11-8-6-7-9-13-21(25)27-3/h10,12,17-18,20,24,26H,4-9,11,13-16H2,1-3H3/b12-10+/t17-,18-,20-,22?/m1/s1",OJLOPKGSLYJEMD-JACIHXRTSA-N
analogInchikeys,1183,"InChI=1S/C23H39NO2/c1-3-4-5-6-7-8-9-10-11-12-16-19-22(25)24-20(2)23(26)21-17-14-13-15-18-21/h13-15,17-18,20,23,26H,3-12,16,19H2,1-2H3,(H,24,25)/t20-,23?/m1/s1",YLAZEWZHIRBZDA-PPUHSXQSSA-N
analogInchikeys,1186,"InChI=1S/C12H11NO3/c1-2-16-12(15)9-7-13-10-6-4-3-5-8(10)11(9)14/h3-7H,2H2,1H3,(H,13,14)",YBEOYBKKSWUSBR-UHFFFAOYSA-N
analogInchikeys,1197,"InChI=1S/C7H16N2O2/c1-9-6(7(10)11)4-2-3-5-8/h6,9H,2-5,8H2,1H3,(H,10,11)/t6-/m0/s1",OLYPWXRMOFUVGH-LURJTMIESA-N
analogInchikeys,1204,"InChI=1S/C20H30O4/c1-2-3-6-9-17(21)14-12-16-13-15-19(22)18(16)10-7-4-5-8-11-20(23)24/h4,7,13,15-16,18H,2-3,5-6,8-12,14H2,1H3,(H,23,24)/b7-4-/t16-,18+/m0/s1",FMKLAIBZMCURLI-CSBQISHZSA-N
analogInchikeys,1205,"InChI=1S/C16H32O3/c17-15-13-11-9-7-5-3-1-2-4-6-8-10-12-14-16(18)19/h17H,1-15H2,(H,18,19)",UGAGPNKCDRTDHP-UHFFFAOYSA-N
analogInchikeys,1207,"InChI=1S/C12H17NO/c1-9(13-2)7-10-3-4-12-11(8-10)5-6-14-12/h3-4,8-9,13H,5-7H2,1-2H3",PLQTZOCLUHHCOI-UHFFFAOYSA-N
analogInchikeys,1209,"InChI=1S/C9H8N2O/c1-6-9(12)11-8-5-3-2-4-7(8)10-6/h2-5H,1H3,(H,11,12)",BMIMNRPAEPIYDN-UHFFFAOYSA-N
analogInchikeys,1211,"InChI=1S/C12H17N4OS/c1-8-11(3-4-17)18-7-16(8)6-10-5-14-9(2)15-12(10)13/h5,7,17H,3-4,6H2,1-2H3,(H2,13,14,15)/q+1",CKOCZFDYECIDQK-UHFFFAOYSA-N
analogInchikeys,1214,"InChI=1S/C25H54NO6P/c1-6-7-8-9-10-11-12-13-14-15-16-17-18-19-21-30-23-25(29-5)24-32-33(27,28)31-22-20-26(2,3)4/h25H,6-24H2,1-5H3/t25-/m1/s1",RZNRKXGAJMGLIM-RUZDIDTESA-N
analogInchikeys,1225,"InChI=1S/C27H48N6O8/c34-22-10-11-23(35)29-18-6-2-8-20-32(40)27(39)15-13-25(37)31-19-7-3-9-21-33(41)26(38)14-12-24(36)30-17-5-1-4-16-28-22/h40-41H,1-21H2,(H,28,34)(H,29,35)(H,30,36)(H,31,37)",ABHHIGWFFMCQOC-UHFFFAOYSA-N
analogInchikeys,1229,"InChI=1S/C54H92O23/c1-23(2)10-9-14-54(8,77-48-44(69)40(65)37(62)29(74-48)22-70-46-42(67)38(63)34(59)26(19-55)71-46)24-11-16-53(7)33(24)25(58)18-31-51(5)15-13-32(50(3,4)30(51)12-17-52(31,53)6)75-49-45(41(66)36(61)28(21-57)73-49)76-47-43(68)39(64)35(60)27(20-56)72-47/h10,24-49,55-69H,9,11-22H2,1-8H3/t24?,25-,26-,27-,28-,29-,30+,31?,32+,33+,34-,35-,36-,37-,38+,39+,40+,41+,42-,43-,44-,45-,46-,47+,48+,49+,51+,52-,53-,54+/m1/s1",GZYPWOGIYAIIPV-LXJUEJIHSA-N
analogInchikeys,1232,"InChI=1S/C15H22O3/c1-8-4-5-11(6-10(3)15(17)18)13-9(2)7-12(16)14(8)13/h6,8,11-12,14,16H,4-5,7H2,1-3H3,(H,17,18)/b10-6+/t8-,11+,12-,14+/m1/s1",XJNQXTISSHEQKD-XSNMFQFVSA-N
analogInchikeys,1240,"InChI=1S/C12H18O3/c1-2-3-4-5-10-9(8-12(14)15)6-7-11(10)13/h3-4,9-10H,2,5-8H2,1H3,(H,14,15)/b4-3-/t9-,10+/m1/s1",ZNJFBWYDHIGLCU-OFGDIRRZSA-N
analogInchikeys,1243,"InChI=1S/C10H19N3O4/c1-6(2)3-7(11)10(17)13-4-8(14)12-5-9(15)16/h6-7H,3-5,11H2,1-2H3,(H,12,14)(H,13,17)(H,15,16)",VWHGTYCRDRBSFI-UHFFFAOYSA-N
analogInchikeys,1247,"InChI=1S/C4H9NO3/c5-3(1-2-6)4(7)8/h3,6H,1-2,5H2,(H,7,8)/t3-/m0/s1",UKAUYVFTDYCKQA-VKHMYHEASA-N
analogInchikeys,1249,"InChI=1S/C22H38O5/c1-4-5-14-22(2,26)15-10-12-18-17(19(23)16-20(18)24)11-8-6-7-9-13-21(25)27-3/h10,12,17-18,20,24,26H,4-9,11,13-16H2,1-3H3/b12-10+/t17-,18-,20+,22?/m1/s1",OJLOPKGSLYJEMD-JACIHXRTSA-N
analogInchikeys,1258,"InChI=1S/C11H20O4/c12-10(13)8-6-4-2-1-3-5-7-9-11(14)15/h1-9H2,(H,12,13)(H,14,15)",LWBHHRRTOZQPDM-UHFFFAOYSA-N
analogInchikeys,1260,"InChI=1S/C18H24N2O5/c1-12(16(21)20-11-5-8-15(20)18(24)25)19-14(17(22)23)10-9-13-6-3-2-4-7-13/h2-4,6-7,12,14-15,19H,5,8-11H2,1H3,(H,22,23)(H,24,25)/t12-,14-,15-/m0/s1",LZFZMUMEGBBDTC-QEJZJMRPSA-N
analogInchikeys,1266,"InChI=1S/C7H14O2/c1-2-3-4-5-6-7(8)9/h2-6H2,1H3,(H,8,9)",MNWFXJYAOYHMED-UHFFFAOYSA-N
analogInchikeys,1269,"InChI=1S/C17H16O7/c1-8-4-11(19)15(12(20)5-8)16(21)14-10(17(22)24-3)6-9(18)7-13(14)23-2/h4-7,18-20H,1-3H3",YJRLSCDUYLRBIZ-UHFFFAOYSA-N
analogInchikeys,1270,"InChI=1S/C8H10O4/c1-5(2)8(11)6(12-3)4-7(9)10/h4H,1H2,2-3H3,(H,9,10)/b6-4-",VOUGEZYPVGAPBB-XQRVVYSFSA-N
analogInchikeys,1273,"InChI=1S/C7H12O4/c1-7(2)10-4-5(11-7)6(8)9-3/h5H,4H2,1-3H3/t5-/m1/s1",DOWWCCDWPKGNGX-RXMQYKEDSA-N
analogInchikeys,1276,"InChI=1S/C12H16O2/c1-8(2)11-6-5-9(3)12(7-11)14-10(4)13/h5-8H,1-4H3",OXZSUQJHKQOGOK-UHFFFAOYSA-N
analogInchikeys,1281,"InChI=1S/C11H18O2/c1-2-3-4-5-6-7-8-9-10-11(12)13/h1H,3-10H2,(H,12,13)",OAOUTNMJEFWJPO-UHFFFAOYSA-N
analogInchikeys,1283,"InChI=1S/C18H23N5O6/c1-8-4-9-11(5-10(8)22(2)3)23(6-12(25)15(27)13(26)7-24)16-14(19-9)17(28)21-18(29)20-16/h4-5,12-13,15,24-27H,6-7H2,1-3H3,(H,21,28,29)/t12-,13+,15-/m0/s1",IGQLDUYTWDABFK-VYSWOPBRSA-N
analogInchikeys,1284,"InChI=1S/C14H22O4/c1-3-4-5-6-7-8-9-11-12(13(15)16)10(2)14(17)18-11/h11-12H,2-9H2,1H3,(H,15,16)/t11-,12+/m0/s1",VCWLZDVWHQVAJU-YXZQPBNNSA-N
analogInchikeys,1286,"InChI=1S/C23H35FO5S/c1-29-23(28)11-5-3-2-4-8-17-18(21(27)14-20(17)26)13-12-16(25)15-30-22-10-7-6-9-19(22)24/h6-7,9-10,16-18,20-21,25-27H,2-5,8,11-15H2,1H3/t16-,17-,18-,20+,21-/m1/s1",WXWNDRIOPFNYII-HKSUSPLTSA-N
analogInchikeys,1287,"InChI=1S/C10H16N2O3S/c13-8(14)4-2-1-3-7-9-6(5-16-7)11-10(15)12-9/h6-7,9H,1-5H2,(H,13,14)(H2,11,12,15)",YBJHBAHKTGYVGT-UHFFFAOYSA-N
analogInchikeys,1290,"InChI=1S/C10H16O3/c1-6(11)8-4-7(5-9(12)13)10(8,2)3/h7-8H,4-5H2,1-3H3,(H,12,13)",SIZDUQQDBXJXLQ-UHFFFAOYSA-N
analogInchikeys,1295,"InChI=1S/C18H33NO4/c1-2-3-4-5-6-8-11-14-17(19(22)23)15-12-9-7-10-13-16-18(20)21/h14H,2-13,15-16H2,1H3,(H,20,21)/b17-14+",CQOAKBVRRVHWKV-XKTHXGLUSA-N
analogInchikeys,1296,"InChI=1S/C24H39NO2/c1-2-3-4-5-6-7-8-9-10-11-12-13-14-15-16-17-18-19-20-21-24(27)25-22-23-26/h6-7,9-10,12-13,15-16,18-19,26H,2-5,8,11,14,17,20-23H2,1H3,(H,25,27)/b7-6-,10-9-,13-12-,16-15-,19-18-",IZUGLNJRCDBYKA-WMPRHZDHSA-N
analogInchikeys,1299,"InChI=1S/C5H11NO3/c1-3(7)4(6-2)5(8)9/h3-4,6-7H,1-2H3,(H,8,9)/t3-,4+/m1/s1",CCAIIPMIAFGKSI-PFBXLTBLSA-N
analogInchikeys,1306,"""""""InChI=1S/C9H9NO3/c11-8(12)6-10-9(13)7-4-2-1-3-5-7/h1-5H,6H2,(H,10,13)(H,11,12)""""""",NA
analogInchikeys,1317,"InChI=1S/C36H58O11/c1-31(2)11-13-36(30(45)47-29-26(42)25(41)24(40)20(16-37)46-29)14-12-34(5)18(23(36)28(31)44)7-8-22-32(3)15-19(39)27(43)33(4,17-38)21(32)9-10-35(22,34)6/h7,19-29,37-44H,8-17H2,1-6H3/t19-,20-,21?,22?,23?,24-,25+,26-,27+,28+,29+,32+,33-,34-,35-,36+/m1/s1",CMZFNIMQBCBHEX-RJPPTNKMSA-N
analogInchikeys,1320,"InChI=1S/C8H14O7/c9-7(10)5-14-3-1-13-2-4-15-6-8(11)12/h1-6H2,(H,9,10)(H,11,12)",HJZZQNLKBWJYPD-UHFFFAOYSA-N
analogInchikeys,1323,"InChI=1S/C20H26O4/c1-19(2)14-9-10-20(19,3)17(12-14)24-18(22)8-6-13-5-7-15(21)16(11-13)23-4/h5-8,11,14,17,21H,9-10,12H2,1-4H3/b8-6+",PKAIECBWQZFYRP-BGWOKVLNSA-N
analogInchikeys,1330,"InChI=1S/C13H23NO6/c1-9(5-11(15)16)6-13(19)20-10(7-12(17)18)8-14(2,3)4/h9-10H,5-8H2,1-4H3,(H-,15,16,17,18)",HFCPFJNSBPQJDP-UHFFFAOYSA-N
analogInchikeys,1340,"InChI=1S/C30H42O8/c1-16-24(32)25(33)26(34)27(37-16)38-19-8-11-28(2)18(14-19)5-6-22-21(28)9-12-29(3)20(10-13-30(22,29)35)17-4-7-23(31)36-15-17/h4,7,14-16,19-22,24-27,32-35H,5-6,8-13H2,1-3H3/t16-,19-,20+,21-,22+,24-,25+,26+,27-,28-,29+,30-/m0/s1",MYEJFUXQJGHEQK-WEJQVIGJSA-N
analogInchikeys,1349,"InChI=1S/C32H40O8/c1-18-14-24-23(30(24,5)6)12-13-31(17-37-31)29(38-20(3)33)26-27(39-25(35)15-22-10-8-7-9-11-22)19(2)16-32(26,28(18)36)40-21(4)34/h7-11,14,19,23-24,26-27,29H,12-13,15-17H2,1-6H3/b18-14-/t19-,23-,24+,26+,27-,29-,31+,32+/m0/s1",SDGDWRYYHQOQOJ-ZIEGMKPKSA-N
analogInchikeys,1350,"1S/C11H11NO3/c1-15-8-2-3-10-9(5-8)7(6-12-10)4-11(13)14/h2-3,5-6,12H,4H2,1H3,(H,13,14)",NA
analogInchikeys,1357,"InChI=1S/C16H19NO/c1-3-6-15(17-2)16(18)14-10-9-12-7-4-5-8-13(12)11-14/h4-5,7-11,15,17H,3,6H2,1-2H3",DBQUMXBQDKCIAJ-UHFFFAOYSA-N
analogInchikeys,1360,"InChI=1S/C20H24O10/c1-6-12(23)28-11-9(21)18-8-5-7(16(2,3)4)17(18)10(22)13(24)29-15(17)30-20(18,14(25)27-8)19(6,11)26/h6-11,15,21-22,26H,5H2,1-4H3",SQOJOAFXDQDRGF-UHFFFAOYSA-N
analogInchikeys,1362,"""""""InChI=1S/C12H11O4P/c13-17(14,15-11-7-3-1-4-8-11)16-12-9-5-2-6-10-12/h1-10H,(H,13,14)""""""",NA
analogInchikeys,1365,"InChI=1S/C9H16O3/c1-2-3-4-6-9(12-11)7-5-8-10/h5,7-9,11H,2-4,6H2,1H3/b7-5+",TVNYLRYVAZWBEH-QAOXKTDSSA-N
analogInchikeys,1366,"InChI=1S/C11H18O5/c1-8(10(13)14)9(11(15)16)6-4-2-3-5-7-12/h9,12H,1-7H2,(H,13,14)(H,15,16)",DHVXMTMJTVCPBB-UHFFFAOYSA-N
analogInchikeys,1367,"InChI=1S/C9H10O7S/c1-15-8-4-6(5-9(10)11)2-3-7(8)16-17(12,13)14/h2-4H,5H2,1H3,(H,10,11)(H,12,13,14)",IACOAKYXFIWAQN-UHFFFAOYSA-N
analogInchikeys,1371,"InChI=1S/C10H18O2/c1-8(2)5-4-6-9(3)7-10(11)12/h5,9H,4,6-7H2,1-3H3,(H,11,12)/t9-/m1/s1",GJWSUKYXUMVMGX-SECBINFHSA-N
analogInchikeys,1372,"1/C6H5NO2/c8-6(9)5-1-3-7-4-2-5/h1-4H,(H,8,9)/f/h8H",NA
analogInchikeys,1373,"InChI=1S/C9H9NO3/c1-10-4-9(13)5-2-7(11)8(12)3-6(5)10/h2-3,9,13H,4H2,1H3",RPHLQSHHTJORHI-UHFFFAOYSA-N
analogInchikeys,1376,"InChI=1S/C12H18O3/c1-2-3-4-5-10-9(8-12(14)15)6-7-11(10)13/h3-4,9-10H,2,5-8H2,1H3,(H,14,15)/b4-3-/t9-,10-/m1/s1",ZNJFBWYDHIGLCU-HWKXXFMVSA-N
analogInchikeys,1379,"InChI=1S/C36H73NO3/c1-3-5-7-9-11-13-15-17-18-20-22-24-26-28-30-32-36(40)37-34(33-38)35(39)31-29-27-25-23-21-19-16-14-12-10-8-6-4-2/h34-35,38-39H,3-33H2,1-2H3,(H,37,40)/t34-,35+/m0/s1",KZTJQXAANJHSCE-RZYNJTNASA-N
analogInchikeys,1391,"InChI=1S/C22H16O7/c1-3-9-4-5-10-11(15(9)22(28)29-2)8-12-16(19(10)25)21(27)18-14(24)7-6-13(23)17(18)20(12)26/h4-8,23-25H,3H2,1-2H3",DIAOGWYBBJCPAD-UHFFFAOYSA-N
analogInchikeys,1394,"InChI=1S/C15H18N4O3/c16-12(7-11-8-17-9-18-11)14(20)19-13(15(21)22)6-10-4-2-1-3-5-10/h1-5,8-9,12-13H,6-7,16H2,(H,17,18)(H,19,20)(H,21,22)/t12-,13-/m0/s1",XMAUFHMAAVTODF-STQMWFEESA-N
analogInchikeys,1401,"InChI=1S/C20H28O6S/c21-14(12-26-15-9-10-27-13-15)7-8-17-16(18(22)11-19(17)23)5-3-1-2-4-6-20(24)25/h1,3,7-10,13-14,16-19,21-23H,2,4-6,11-12H2,(H,24,25)/b3-1+,8-7+",FYBFDIIAPRHIQS-FESHFHRRSA-N
analogInchikeys,1403,"InChI=1S/C20H32O5/c1-2-3-8-12-17(21)13-9-6-4-5-7-10-14-18(22)19(23)15-11-16-20(24)25/h4-7,9-10,13-14,17-19,21-23H,2-3,8,11-12,15-16H2,1H3,(H,24,25)/b6-4-,7-5+,13-9+,14-10+/t17-,18+,19-/m0/s1",IXAQOQZEOGMIQS-QNLGWEADSA-N
analogInchikeys,1406,"InChI=1S/C16H28O5/c1-2-3-4-5-6-7-14-16(20)13(18)10-8-12(17)9-11-15(19)21-14/h8,10,12-14,16-18,20H,2-7,9,11H2,1H3/b10-8+",NGMQJZCKXKTQID-OMGVAEBRSA-N
analogInchikeys,1412,"1S/C15H16N2O/c1-16-15(18)11-13(12-7-3-2-4-8-12)14-9-5-6-10-17-14/h2-10,13H,11H2,1H3,(H,16,18)",NA
analogInchikeys,1416,"InChI=1S/C21H28O3/c1-15(8-7-9-16(2)14-20(23)24-6)10-11-18-17(3)19(22)12-13-21(18,4)5/h7-11,14H,12-13H2,1-6H3/b9-7+,11-10+,15-8+,16-14+",VTSFDGSDUILKPM-VPNQQCBCSA-N
analogInchikeys,1422,"InChI=1S/C19H12O8/c1-8(20)26-13-5-3-4-11-15(13)18(23)16-12(17(11)22)6-10(19(24)25)7-14(16)27-9(2)21/h3-7H,1-2H3,(H,24,25)",TYNLGDBUJLVSMA-UHFFFAOYSA-N
analogInchikeys,1425,"InChI=1S/C9H16O2/c1-7-2-4-8(5-3-7)6-9(10)11/h7-8H,2-6H2,1H3,(H,10,11)",OQZGYMRYZAKXAF-UHFFFAOYSA-N
analogInchikeys,1431,"InChI=1S/C10H14O/c11-10-8-2-6-1-7(4-8)5-9(10)3-6/h6-9H,1-5H2",IYKFYARMMIESOX-UHFFFAOYSA-N
analogInchikeys,1435,"InChI=1S/C20H20O4/c1-23-19(21)17-15(13-9-5-3-6-10-13)16(18(17)20(22)24-2)14-11-7-4-8-12-14/h3-12,15-18H,1-2H3",YAQLZIKGHVLJJZ-UHFFFAOYSA-N
analogInchikeys,1437,"InChI=1S/C17H22N2O4/c1-6-7-18-9-13(20)19(16(18)22)10-23-15(21)14-12(8-11(2)3)17(14,4)5/h1,8,12,14H,7,9-10H2,2-5H3",VPRAQYXPZIFIOH-UHFFFAOYSA-N
analogInchikeys,1442,"InChI=1S/C42H42O20/c43-13-25-33(49)35(51)37(53)41(61-25)59-23-11-19(47)9-21-29(23)27(15-1-5-17(45)6-2-15)31(39(55)57-21)32-28(16-3-7-18(46)8-4-16)30-22(58-40(32)56)10-20(48)12-24(30)60-42-38(54)36(52)34(50)26(14-44)62-42/h1-12,25-28,31-38,41-54H,13-14H2/t25-,26-,27-,28-,31+,32+,33-,34-,35+,36+,37-,38-,41-,42-/m1/s1",AYJLVEAOIKOWIP-CNSXYJASSA-N
analogInchikeys,1445,"InChI=1S/C17H24O12/c1-16-10-15(28-14-9(21)8(20)7(19)6(3-18)27-14)26-4-5(13(23)25-2)17(10,24)11(22)12(16)29-16/h4,6-12,14-15,18-22,24H,3H2,1-2H3/t6-,7-,8+,9-,10-,11-,12+,14+,15+,16-,17+/m1/s1",XZVXEPPPQBLGMQ-MZYQSTBLSA-N
analogInchikeys,1451,"InChI=1S/C20H34O3/c1-14(10-13-21)6-8-16-15(2)7-9-17-19(16,3)11-5-12-20(17,4)18(22)23/h14,16-17,21H,2,5-13H2,1,3-4H3,(H,22,23)/t14?,16-,17+,19+,20-/m1/s1",NSRKLZRKJJQJLD-XKSWLHATSA-N
analogInchikeys,1453,"InChI=1S/C11H14O3/c1-6(2)8-5-4-7(3)9(10(8)12)11(13)14/h4-6,12H,1-3H3,(H,13,14)",FNWNGQGTFICQJU-UHFFFAOYSA-N
analogInchikeys,1454,"InChI=1S/C22H26O6/c1-23-17-7-5-13(9-19(17)25-3)21-15-11-28-22(16(15)12-27-21)14-6-8-18(24-2)20(10-14)26-4/h5-10,15-16,21-22H,11-12H2,1-4H3/t15-,16-,21+,22+/m0/s1",PEUUVVGQIVMSAW-REDATSSPSA-N
analogInchikeys,1457,"InChI=1S/C16H26O7/c1-8-4-9(18)5-16(2,3)10(8)7-22-15-14(21)13(20)12(19)11(6-17)23-15/h4,10-15,17,19-21H,5-7H2,1-3H3/t10?,11-,12-,13+,14-,15-/m1/s1",FOONTNRMWNJWCL-SGHIMUFFSA-N
analogInchikeys,1459,"InChI=1S/C9H16O2/c1-2-3-4-5-8-6-7-9(10)11-8/h8H,2-7H2,1H3",OALYTRUKMRCXNH-UHFFFAOYSA-N
analogInchikeys,1462,"InChI=1S/C10H17N3O6S/c11-5(10(18)19)1-2-7(14)13-6(4-20)9(17)12-3-8(15)16/h5-6,20H,1-4,11H2,(H,12,17)(H,13,14)(H,15,16)(H,18,19)/t5-,6-/m0/s1",RWSXRVCMGQZWBV-WDSKDSINSA-N
analogInchikeys,1464,"InChI=1S/C10H18O4/c1-13-9(11)7-5-3-4-6-8-10(12)14-2/h3-8H2,1-2H3",LNLCRJXCNQABMV-UHFFFAOYSA-N
analogInchikeys,1466,"InChI=1S/C20H30O3/c1-14-5-8-17-19(2,13-21)10-4-11-20(17,3)16(14)7-6-15-9-12-23-18(15)22/h9,16-17,21H,1,4-8,10-13H2,2-3H3/t16-,17-,19+,20+/m1/s1",WKKBRRFSRMDTJB-SCIVCHICSA-N
analogInchikeys,1473,"InChI=1S/C17H14N2O3/c18-10-14(8-13-6-7-15(20)16(21)9-13)17(22)19-11-12-4-2-1-3-5-12/h1-9,20-21H,11H2,(H,19,22)/b14-8+",TUCIOBMMDDOEMM-YKUBRLMMSA-N
analogInchikeys,1480,"InChI=1S/C9H14O4/c10-7(11)6-9(8(12)13)4-2-1-3-5-9/h1-6H2,(H,10,11)(H,12,13)",SDAXMMUAZRUWNL-UHFFFAOYSA-N
analogInchikeys,1484,"InChI=1S/C23H38O4/c1-2-3-4-5-6-7-8-9-10-11-12-13-14-15-16-17-18-19-23(26)27-21-22(25)20-24/h6-7,9-10,12-13,15-16,22,24-25H,2-5,8,11,14,17-21H2,1H3/b7-6-,10-9-,13-12-,16-15-",DCPCOKIYJYGMDN-DOFZRALJSA-N
analogInchikeys,1485,"InChI=1S/C10H15NO2/c1-7(11-2)10(13)8-3-5-9(12)6-4-8/h3-7,10-13H,1-2H3",OXFGTKPPFSCSMA-UHFFFAOYSA-N
analogInchikeys,1486,"InChI=1S/C31H46O2/c1-22(2)12-9-13-23(3)14-10-15-24(4)16-11-17-25(5)20-21-27-26(6)30(32)28-18-7-8-19-29(28)31(27)33/h7-8,18-20,22-24H,9-17,21H2,1-6H3/b25-20+",MBWXNTAXLNYFJB-OAUZFPKNSA-N
analogInchikeys,1488,"""""""InChI=1S/C8H8O5/c9-5-2-1-4(3-6(5)10)7(11)8(12)13/h1-3,7,9-11H,(H,12,13)""""""",NA
analogInchikeys,1495,"1/C8H14N2O5S/c9-4(7(12)13)1-2-6(11)10-5(3-16)8(14)15/h4-5,16H,1-3,9H2,(H,10,11)(H,12,13)(H,14,15)/t4-,5-/m0/s1/f/h10,12,14H",NA
analogInchikeys,1511,"InChI=1S/C19H32O2/c1-3-4-5-6-7-8-9-10-11-12-13-14-15-16-17-18-19(20)21-2/h7-8,10-11,13-14H,3-6,9,12,15-18H2,1-2H3/b8-7-,11-10-,14-13-",JFRWATCOFCPIBM-JPFHKJGASA-N
analogInchikeys,1512,"InChI=1S/C8H9NO3/c1-12-6-4-2-3-5(7(6)9)8(10)11/h2-4H,9H2,1H3,(H,10,11)",SXOPCLUOUFQBJV-UHFFFAOYSA-N
analogInchikeys,1513,"InChI=1S/C14H18N2O4/c1-10-5-4-6-11(2)13(10)16(12(17)9-19-3)15-7-8-20-14(15)18/h4-6H,7-9H2,1-3H3",UWVQIROCRJWDKL-UHFFFAOYSA-N
analogInchikeys,1517,"InChI=1S/C9H18N2O3/c1-4-5(2)7(9(13)14)11-8(12)6(3)10/h5-7H,4,10H2,1-3H3,(H,11,12)(H,13,14)/t5-,6-,7-/m0/s1",ZSOICJZJSRWNHX-ACZMJKKPSA-N
analogInchikeys,1519,"InChI=1S/C6H4N4O2/c11-5-3-4(8-2-1-7-3)9-6(12)10-5/h1-2H,(H2,8,9,10,11,12)",UYEUUXMDVNYCAM-UHFFFAOYSA-N
analogInchikeys,1524,"InChI=1S/C11H14N2O3/c12-9(11(16)13-7-10(14)15)6-8-4-2-1-3-5-8/h1-5,9H,6-7,12H2,(H,13,16)(H,14,15)/t9-/m0/s1",GLUBLISJVJFHQS-VIFPVBQESA-N
analogInchikeys,1529,"InChI=1S/C16H24O3/c1-2-3-5-9-14-13(11-12-15(14)17)8-6-4-7-10-16(18)19/h3,5,11-14H,2,4,6-10H2,1H3,(H,18,19)/b5-3-",SZVNKXCDJUBPQO-HYXAFXHYSA-N
analogInchikeys,1530,"InChI=1S/C15H22N2O3/c1-2-20-15(19)17-11-6-9-14(18)16-12-10-13-7-4-3-5-8-13/h3-5,7-8H,2,6,9-12H2,1H3,(H,16,18)(H,17,19)",HTOYBIILVCHURC-UHFFFAOYSA-N
analogInchikeys,1533,"InChI=1S/C19H37N2/c1-21(2,3)8-6-4-5-7-20-15-19-12-16-9-17(13-19)11-18(10-16)14-19/h16-18,20H,4-15H2,1-3H3/q+1",WXWCQPKBJOCBEG-UHFFFAOYSA-N
analogInchikeys,1535,"InChI=1S/C13H15NO2/c1-2-13(10-6-4-3-5-7-10)9-8-11(15)14-12(13)16/h3-7H,2,8-9H2,1H3,(H,14,15,16)",JMBQKKAJIKAWKF-UHFFFAOYSA-N
analogInchikeys,1551,"""""""InChI=1S/C24H42O21/c25-1-6-10(28)14(32)17(35)21(41-6)39-3-8-11(29)15(33)18(36)22(42-8)40-4-9-12(30)16(34)19(37)23(43-9)45-24(5-27)20(38)13(31)7(2-26)44-24/h6-23,25-38H,1-5H2/t6-,7-,8-,9-,10+,11+,12-,13-,14+,15+,16+,17-,18-,19-,20+,21+,22+,23-,24+/m1/s1""""""",NA
analogInchikeys,1555,"InChI=1S/C16H16N2O4/c1-2-21-15(19)18-13-9-6-10-14(11-13)22-16(20)17-12-7-4-3-5-8-12/h3-11H,2H2,1H3,(H,17,20)(H,18,19)",WZJZMXBKUWKXTQ-UHFFFAOYSA-N
analogInchikeys,1570,"InChI=1S/C21H32O2/c1-13(22)17-6-7-18-16-5-4-14-12-15(23)8-10-20(14,2)19(16)9-11-21(17,18)3/h14,16-19H,4-12H2,1-3H3/t14-,16-,17+,18-,19-,20-,21+/m0/s1",XMRPGKVKISIQBV-KFQKKLAISA-N
analogInchikeys,1571,"InChI=1S/C30H46O6/c1-25(2)11-13-30(24(35)36)14-12-27(4)17(18(30)15-25)7-8-20-26(3)16-19(31)22(32)29(6,23(33)34)21(26)9-10-28(20,27)5/h7,18-22,31-32H,8-16H2,1-6H3,(H,33,34)(H,35,36)/t18-,19-,20+,21+,22-,26+,27+,28+,29-,30-/m0/s1",IDGXIXSKISLYAC-HBBCJVOSSA-N
analogInchikeys,1576,"InChI=1S/C15H14O5/c16-10-4-1-9(2-5-10)3-6-12(18)15-13(19)7-11(17)8-14(15)20/h1-2,4-5,7-8,16-17,19-20H,3,6H2",VGEREEWJJVICBM-UHFFFAOYSA-N
analogInchikeys,1581,"InChI=1S/C13H21NO3/c1-13(2,3)14-7-12(17)9-4-5-11(16)10(6-9)8-15/h4-6,12,14-17H,7-8H2,1-3H3",NDAUXUAQIAJITI-UHFFFAOYSA-N
analogInchikeys,1583,"InChI=1S/C12H14O3/c1-8(2)3-4-9-7-10(12(14)15)5-6-11(9)13/h3,5-7,13H,4H2,1-2H3,(H,14,15)",LBSJJNAMGVDGCU-UHFFFAOYSA-N
analogInchikeys,1588,"InChI=1S/C19H30O5S/c1-18-9-7-13(20)11-12(18)3-4-14-15-5-6-17(24-25(21,22)23)19(15,2)10-8-16(14)18/h12,14-17H,3-11H2,1-2H3,(H,21,22,23)/t12-,14-,15-,16-,17-,18-,19-/m0/s1",KYVPWJSGFKNNLD-ABEVXSGRSA-N
analogInchikeys,1590,"InChI=1S/C26H40O5/c1-7-26(4,5)25(28)31-22-13-16(2)12-18-9-8-17(3)21(24(18)22)11-10-19-14-20(29-6)15-23(27)30-19/h8-9,12,16-17,19-22,24H,7,10-11,13-15H2,1-6H3/t16-,17-,19+,20+,21-,22-,24-/m0/s1",OLSYISKGDWQZSZ-SCIVCHICSA-N
analogInchikeys,1592,"InChI=1S/C14H16N2O5S/c1-21-8-9-3-2-6-16(9)22(19,20)10-4-5-12-11(7-10)13(17)14(18)15-12/h4-5,7,9H,2-3,6,8H2,1H3,(H,15,17,18)",SLQMNVJNDYLJSF-UHFFFAOYSA-N
analogInchikeys,1603,"InChI=1S/C18H20N2O9/c1-8-5-9(22)6-10(27-2)13(8)17(25)29-15-14(24)11(7-21)28-16(15)20-4-3-12(23)19-18(20)26/h3-6,11,14-16,21-22,24H,7H2,1-2H3,(H,19,23,26)/t11-,14-,15-,16-/m1/s1",RARUJUZFKGDIOM-RAEVTNRLSA-N
analogInchikeys,1609,"InChI=1S/C14H19NO4/c1-9-6-5-7-10(2)13(9)15(11(3)14(17)18)12(16)8-19-4/h5-7,11H,8H2,1-4H3,(H,17,18)/t11-/m0/s1",ZRIKZVLHMGYCIR-NSHDSACASA-N
analogInchikeys,1611,"InChI=1S/C10H14O/c1-7-3-4-9-8(2)6-11-10(9)5-7/h6-7H,3-5H2,1-2H3",YGWKXXYGDYYFJU-UHFFFAOYSA-N
analogInchikeys,1612,"InChI=1S/C16H19NO4/c1-20-16(19)14-12-8-7-11(17-12)9-13(14)21-15(18)10-5-3-2-4-6-10/h2-6,11-14,17H,7-9H2,1H3/t11-,12+,13-,14+/m0/s1",AYDBLCSLKNTEJL-YXZQPBNNSA-N
analogInchikeys,1618,"InChI=1S/C22H32O4/c1-2-3-4-5-6-10-15-20(23)16-11-7-8-12-17-21(24)18-13-9-14-19-22(25)26/h3-4,6-13,16-17,20-21,23-24H,2,5,14-15,18-19H2,1H3,(H,25,26)/b4-3-,8-7+,10-6-,13-9-,16-11-,17-12+/t20-,21-/m0/s1",HLHYXXBCQOUTGK-KZVCDKSYSA-N
analogInchikeys,1619,"InChI=1S/C9H13NO3/c1-6-9(12)8(5-13-2)7(4-11)3-10-6/h3,11-12H,4-5H2,1-2H3",SVINQHQHARVZFF-UHFFFAOYSA-N
analogInchikeys,1622,"InChI=1S/C42H66O14/c1-20-27(44)29(46)31(48)33(53-20)55-26-11-12-39(6)24(38(26,4)5)10-13-40(7)25(39)9-8-21-22-18-37(2,3)14-15-41(22,16-17-42(21,40)35(50)51)36(52)56-34-32(49)30(47)28(45)23(19-43)54-34/h8,20,22-34,43-49H,9-19H2,1-7H3,(H,50,51)",ZCBRYYRPNSHPER-UHFFFAOYSA-N
